Kategori,Rekening,Jumlah,Tanggal,Catatan,Tipe
Kost,DOMPET,"650,000",2025-05-28 19:20,,-
Tambah Pinjaman,BCA Blu,"150,000",2025-05-26 15:52,Liquid ,-
Belanja,DOMPET,"25,000",2025-05-25 20:47,Sabuk,-
Bensin,DOMPET,"50,000",2025-05-25 20:47,,-
Minuman,MANDIRI,"60,000",2025-05-25 20:47,Nonton seblak eskrim ,-
Tagih Hutang,BANK BRI,"200,000",2025-05-25 09:02,,+
Tambah Pinjaman,BANK BRI,"200,000",2025-05-25 00:56,Beli Coil,-
Tagih Hutang,MANDIRI,"300,000",2025-05-23 11:40,,+
Laundry,DOMPET,"50,000",2025-05-23 08:22,,-
Elektronik,GOPAY,"9,262",2025-05-23 00:07,YouTube ,-
Kirim Saldo,BANK BRI,"30,628",2025-05-23 00:06,Ke SHOPEE PAY,-
Terima Saldo,SHOPEE PAY,"30,628",2025-05-23 00:06,Dari BANK BRI,+
Ayang,SHOPEE PAY,"74,324",2025-05-23 00:06,Domain Undangan Digital ,-
Belanja,MANDIRI,"155,984",2025-05-23 00:05,Mingguan ,-
Makanan,DOMPET,"149,000",2025-05-23 00:04,,-
Utang,MANDIRI,"200,000",2025-05-23 00:04,Kredivo,-
Beri Pinjaman,BANK BNI,"3,150,000",2025-05-21 22:17,,-
Kirim Saldo,BANK BNI,"3,500,000",2025-05-21 22:15,Ke BANK BRI,-
Terima Saldo,BANK BRI,"3,500,000",2025-05-21 22:15,Dari BANK BNI,+
Biaya Admin,BANK BNI,"2,500",2025-05-21 22:15,Biaya Admin,-
Elektronik,BANK BNI,"350,000",2025-05-21 22:15,Xiaomi Band 9,-
Tabungan,BCA Blu,"5,000,000",2025-05-20 15:11,Dana Darurat,-
Kesehatan,SeaBank,"105,500",2025-05-19 12:54,BPJS MEI 2025,-
Belanja,MANDIRI,"139,300",2025-05-18 21:21,,-
Tabungan,BCA Blu,"303,177",2025-05-18 21:20,,-
Belanja,DOMPET,"284,000",2025-05-18 21:20,"Petai, Jajan. Pisang. Ongkos Mas Kawin DLL",-
Kirim Saldo,MANDIRI,"300,000",2025-05-18 21:14,Ke DOMPET,-
Terima Saldo,DOMPET,"300,000",2025-05-18 21:14,Dari MANDIRI,+
Bensin,DOMPET,"50,000",2025-05-18 21:08,,-
Ayang,BCA Blu,"400,000",2025-05-18 21:07,Dokumen Administrasi Nikah,-
Ayang,BANK BNI,"5,830,000",2025-05-18 21:06,Emas Kawin 10.6 Gram,-
Ortu,MANDIRI,"585,000",2025-05-16 12:13,Sarung BHS,-
Tagih Hutang,BANK BRI,"50,000",2025-05-13 20:01,,+
Kirim Saldo,DOMPET,"50,000",2025-05-13 20:00,Ke BANK BRI,-
Terima Saldo,BANK BRI,"50,000",2025-05-13 20:00,Dari DOMPET,+
Dapur,DOMPET,"27,000",2025-05-12 16:46,,-
Belanja,SHOPEE PAY,"41,000",2025-05-12 11:30,kain lap,-
Kirim Saldo,DOMPET,"39,200",2025-05-11 19:39,Ke BCA Blu,-
Terima Saldo,BCA Blu,"39,200",2025-05-11 19:39,Dari DOMPET,+
Kirim Saldo,DOMPET,"14,500",2025-05-11 19:38,Ke BANK BNI,-
Terima Saldo,BANK BNI,"14,500",2025-05-11 19:38,Dari DOMPET,+
Kirim Saldo,DOMPET,"14,300",2025-05-11 19:37,Ke BANK BRI,-
Terima Saldo,BANK BRI,"14,300",2025-05-11 19:37,Dari DOMPET,+
Kirim Saldo,MANDIRI,"41,200",2025-05-11 19:36,Ke BANK BRI,-
Terima Saldo,BANK BRI,"41,200",2025-05-11 19:36,Dari MANDIRI,+
Kirim Saldo,SHOPEE PAY,"23,000",2025-05-11 19:35,Ke BANK BRI,-
Terima Saldo,BANK BRI,"23,000",2025-05-11 19:35,Dari SHOPEE PAY,+
Tabungan,BCA Blu,"330,325",2025-05-11 19:19,Macbook,-
Belanja,DOMPET,"165,000",2025-05-11 19:16,Baju Kemeja Alisan,-
Kirim Saldo,MANDIRI,"500,000",2025-05-11 19:16,Ke DOMPET,-
Terima Saldo,DOMPET,"500,000",2025-05-11 19:16,Dari MANDIRI,+
Bensin,DOMPET,"50,000",2025-05-11 19:03,,-
Ayang,BANK BNI,"385,560",2025-05-11 19:02,Souvenir Nikah,-
Tabungan,BCA Blu,"653,802",2025-05-10 19:18,Dana Darurat ,-
Bensin,DOMPET,"50,000",2025-05-08 20:52,,-
Belanja,MANDIRI,"75,000",2025-05-08 20:52,Gas 3X daging,-
Belanja,DOMPET,"45,000",2025-05-08 20:51,Camilan,-
Kirim Saldo,BANK BNI,"1,000,000",2025-05-08 18:11,Ke DOMPET,-
Terima Saldo,DOMPET,"1,000,000",2025-05-08 18:11,Dari BANK BNI,+
Makanan,MANDIRI,"28,600",2025-05-07 18:32,,-
Gaji Cempor,BANK BNI,"1,500,000",2025-05-07 00:31,Talent ,+
Ayang,BANK BRI,"2,000,000",2025-05-07 00:30,Serahan,-
Makanan,DOMPET,"25,000",2025-05-06 12:42,Makan Siang,-
Makanan,MANDIRI,"54,000",2025-05-06 07:56,,-
Minuman,BANK BNI,"22,000",2025-05-05 18:04,Yzu,-
Makanan,MANDIRI,"17,000",2025-05-05 12:00,Bakso,-
Tabungan,BCA Blu,"3,000,000",2025-05-05 00:27,Blu Saving,-
Tambah Pinjaman,SHOPEE PAY,"175,000",2025-05-04 19:16,Tinta Printer,-
Rokok,DOMPET,"56,000",2025-05-04 00:48,Twizz Kuning 2 bks,-
Makanan,DOMPET,"65,000",2025-05-03 20:10,Camilan + Makanan,-
Ayang,BANK BNI,"104,500",2025-05-03 14:53,Isotretinoin,-
Ayang,BANK BNI,"161,150",2025-05-03 14:09,Baju Gamis,-
Adm Bank,BANK BRI,"3,250",2025-05-03 12:33,,-
Kirim Saldo,BANK BNI,"1,000,000",2025-05-03 12:14,Ke BCA Blu,-
Terima Saldo,BCA Blu,"1,000,000",2025-05-03 12:14,Dari BANK BNI,+
Biaya Admin,BANK BNI,"2,500",2025-05-03 12:14,Biaya Admin,-
Kirim Saldo,MANDIRI,"6,002,500",2025-05-03 12:12,Ke BANK BNI,-
Terima Saldo,BANK BNI,"6,002,500",2025-05-03 12:12,Dari MANDIRI,+
Biaya Admin,MANDIRI,"8,500",2025-05-03 12:12,Biaya Admin,-
Kirim Saldo,SHOPEE PAY,"200,000",2025-05-03 12:08,Ke SeaBank,-
Terima Saldo,SeaBank,"200,000",2025-05-03 12:08,Dari SHOPEE PAY,+
Utang,SeaBank,"50,000",2025-05-03 12:08,,-
Kirim Saldo,MANDIRI,"500,000",2025-05-03 12:06,Ke SHOPEE PAY,-
Terima Saldo,SHOPEE PAY,"500,000",2025-05-03 12:06,Dari MANDIRI,+
Biaya Admin,MANDIRI,"5,000",2025-05-03 12:06,Biaya Admin,-
Utang,BANK BRI,"303,000",2025-05-03 11:51,Kredivo April 2025,-
Gaji Maxximum,MANDIRI,"6,500,000",2025-05-03 11:48,April 2025,+
Makanan,DOMPET,"15,000",2025-05-02 19:40,Sate,-
Ayang,BANK BNI,"225,700",2025-05-01 17:15,Baju,-
Minuman,DOMPET,"35,000",2025-05-01 11:39,Galon ,-
Adm Bank,BANK BNI,"21,516",2025-05-01 10:48,Rugi Investasi Dari Bibit,-
Kirim Saldo,Bibit,"420,000",2025-05-01 10:47,Ke BANK BNI,-
Terima Saldo,BANK BNI,"420,000",2025-05-01 10:47,Dari Bibit,+
Belanja,BANK BNI,"105,600",2025-05-01 10:39,Belanja Mingguan,-
Laundry,DOMPET,"54,000",2025-05-01 10:25,,-
Minuman,BCA Blu,"8,000",2025-04-30 16:58,Cimory,-
Kost,DOMPET,"650,000",2025-04-29 21:39,Mei 2025,-
Bensin,DOMPET,"100,000",2025-04-29 21:39,,-
Kirim Saldo,DOMPET,"50,000",2025-04-29 21:38,Ke BCA Blu,-
Terima Saldo,BCA Blu,"50,000",2025-04-29 21:38,Dari DOMPET,+
Belanja,MANDIRI,"45,300",2025-04-29 21:36,Belanja Mingguan ,-
Pendidikan,MANDIRI,"28,000",2025-04-29 21:36,Beli Buku,-
Kirim Saldo,MANDIRI,"800,000",2025-04-29 21:35,Ke DOMPET,-
Terima Saldo,DOMPET,"800,000",2025-04-29 21:35,Dari MANDIRI,+
Ayang,DOMPET,"50,000",2025-04-27 21:40,,-
Belanja,DOMPET,"164,000",2025-04-27 21:40,Celana Chino,-
Jajan,MANDIRI,"76,500",2025-04-27 15:00,Wizzmie cianjur,-
Tagih Hutang,BANK BRI,"150,000",2025-04-26 16:11,,+
Jajan,MANDIRI,"31,000",2025-04-26 03:02,Coklat,-
Bensin,DOMPET,"50,000",2025-04-26 03:02,,-
Kirim Saldo,MANDIRI,"500,000",2025-04-26 02:33,Ke DOMPET,-
Terima Saldo,DOMPET,"500,000",2025-04-26 02:33,Dari MANDIRI,+
Biaya Admin,MANDIRI,"7,500",2025-04-26 02:33,Biaya Admin,-
Laundry,DOMPET,"27,000",2025-04-25 19:20,,-
Makanan,DOMPET,"13,000",2025-04-25 12:32,Makan siang,-
Jajan,DOMPET,"10,000",2025-04-25 12:32,Jus Mangga,-
Minuman,DOMPET,"50,000",2025-04-25 00:42,Kopi Di Ucollab,-
Jajan,DOMPET,"91,821",2025-04-25 00:42,Nongkrong ,-
Belanja,DOMPET,"40,000",2025-04-25 00:41,Tazkiah,-
Adek,DOMPET,"125,000",2025-04-25 00:41,Dana ilang,-
Rokok,DOMPET,"50,000",2025-04-25 00:41,,-
Makanan,DOMPET,"150,000",2025-04-25 00:40,,-
Belanja,DOMPET,"50,000",2025-04-25 00:39,Toolify,-
Bensin,DOMPET,"50,000",2025-04-25 00:39,,-
Motor,DOMPET,"50,000",2025-04-25 00:39,Tambal ban dan pompa depan belakang ,-
Kirim Saldo,MANDIRI,"289,269",2025-04-25 00:37,Ke DOMPET,-
Terima Saldo,DOMPET,"289,269",2025-04-25 00:37,Dari MANDIRI,+
Kirim Saldo,SHOPEE PAY,"7,552",2025-04-25 00:37,Ke DOMPET,-
Terima Saldo,DOMPET,"7,552",2025-04-25 00:37,Dari SHOPEE PAY,+
Kirim Saldo,MANDIRI,"24,000",2025-04-25 00:36,Ke GOPAY,-
Terima Saldo,GOPAY,"24,000",2025-04-25 00:36,Dari MANDIRI,+
Kirim Saldo,MANDIRI,"7,000,000",2025-04-25 00:34,Ke BCA Blu,-
Terima Saldo,BCA Blu,"7,000,000",2025-04-25 00:34,Dari MANDIRI,+
Kirim Saldo,MANDIRI,"1,825,100",2025-04-25 00:33,Ke BANK BRI,-
Terima Saldo,BANK BRI,"1,825,100",2025-04-25 00:33,Dari MANDIRI,+
Tagih Hutang,MANDIRI,"100,000",2025-04-24 11:14,Sisa 450,+
Tagih Hutang,BANK BRI,"150,000",2025-04-23 19:07,Sisa 550,+
Tambah Pinjaman,MANDIRI,"400,000",2025-04-22 19:48,Leci,-
Rokok,DOMPET,"25,000",2025-04-20 13:46,,-
Belanja,BANK BNI,"50,000",2025-04-20 13:46,toolify,-
Laundry,DOMPET,"25,000",2025-04-20 13:45,,-
Makanan,DOMPET,"150,000",2025-04-19 20:52,Mingguan,-
Jajan,DOMPET,"40,389",2025-04-19 20:52,,-
Belanja,DOMPET,"70,000",2025-04-19 20:51,Chat GPT,-
Rokok,DOMPET,"35,000",2025-04-19 20:51,Coil,-
Kirim Saldo,DOMPET,"1,000",2025-04-19 20:50,Ke MANDIRI,-
Terima Saldo,MANDIRI,"1,000",2025-04-19 20:50,Dari DOMPET,+
Film,DOMPET,"8,925",2025-04-19 20:50,Youtube,-
Kirim Saldo,BANK BRI,"8,925",2025-04-19 20:49,Ke DOMPET,-
Terima Saldo,DOMPET,"8,925",2025-04-19 20:49,Dari BANK BRI,+
Kirim Saldo,BANK BNI,"60,142",2025-04-19 20:49,Ke DOMPET,-
Terima Saldo,DOMPET,"60,142",2025-04-19 20:49,Dari BANK BNI,+
Kirim Saldo,GOPAY,"9,247",2025-04-19 20:49,Ke DOMPET,-
Terima Saldo,DOMPET,"9,247",2025-04-19 20:49,Dari GOPAY,+
Kirim Saldo,BCA Blu,"248,075",2025-04-19 20:41,Ke BANK BNI,-
Terima Saldo,BANK BNI,"248,075",2025-04-19 20:41,Dari BCA Blu,+
Gaji Cempor,BANK BNI,"500,000",2025-04-19 20:37,Character Building Film Pendek,+
Kirim Saldo,MANDIRI,"500,000",2025-04-19 20:36,Ke DOMPET,-
Terima Saldo,DOMPET,"500,000",2025-04-19 20:36,Dari MANDIRI,+
Belanja,MANDIRI,"120,000",2025-04-18 19:51,Belanja Mingguan,-
Spay Later,MANDIRI,"1,262,000",2025-04-12 12:48,HP Oppo Reno 13F Bln 3,-
Spay Later,BANK BRI,"70,000",2025-04-12 12:43,,-
Makanan,DOMPET,"56,250",2025-04-12 12:33,,-
Kirim Saldo,MANDIRI,"23,000",2025-04-12 12:32,Ke DOMPET,-
Terima Saldo,DOMPET,"23,000",2025-04-12 12:32,Dari MANDIRI,+
Kirim Saldo,BANK BRI,"2,250",2025-04-12 12:31,Ke DOMPET,-
Terima Saldo,DOMPET,"2,250",2025-04-12 12:31,Dari BANK BRI,+
Kirim Saldo,DOMPET,"17,000",2025-04-12 12:31,Ke GOPAY,-
Terima Saldo,GOPAY,"17,000",2025-04-12 12:31,Dari DOMPET,+
Kesehatan,BANK BRI,"105,000",2025-04-12 09:45,BPJS April 2025,-
Tambah Pinjaman,MANDIRI,"300,000",2025-04-12 09:41,Jaga jaga. abis jual Ipon 12 Beli Hp oppo,-
Belanja,MANDIRI,"100,300",2025-04-09 20:06,Belanja mingguan ,-
Bensin,DOMPET,"50,000",2025-04-09 20:06,,-
Tambah Pinjaman,BANK BNI,"50,000",2025-04-09 19:19,,-
Kesehatan,DOMPET,"10,000",2025-04-09 10:31,Ademsari,-
Makanan,DOMPET,"7,000",2025-04-07 18:12,Cincau,-
Makanan,MANDIRI,"27,000",2025-04-07 18:12,Bahan makanan,-
Kirim Saldo,MANDIRI,"100,000",2025-04-07 08:15,Ke DOMPET,-
Terima Saldo,DOMPET,"100,000",2025-04-07 08:15,Dari MANDIRI,+
Tagih Hutang,BANK BRI,"300,000",2025-04-06 18:35,,+
Belanja,DOMPET,"90,000",2025-04-04 17:06,Mingguan,-
Rokok,DOMPET,"30,000",2025-04-04 10:23,,-
Bensin,DOMPET,"50,000",2025-04-04 10:22,,-
Jajan,MANDIRI,"90,500",2025-04-03 22:09,Liburan Lebaran Pantai Apra,-
Belanja,MANDIRI,"107,100",2025-04-03 22:08,Alfa Ela Ke Rumah,-
Belanja,MANDIRI,"70,400",2025-04-03 22:08,Alfa Otw Ke rumah Ela,-
Bensin,MANDIRI,"170,000",2025-04-03 22:07,,-
Kirim Saldo,DOMPET,"162,000",2025-04-03 22:04,Ke MANDIRI,-
Terima Saldo,MANDIRI,"162,000",2025-04-03 22:04,Dari DOMPET,+
Utang,MANDIRI,"98,000",2025-04-03 21:17,MindBuddy,-
Belanja,DOMPET,"274,000",2025-03-31 22:06,Belanja Lebaran,-
Bensin,DOMPET,"100,000",2025-03-31 22:05,Bensin,-
Belanja,DOMPET,"100,000",2025-03-31 22:05,Ngabuburit,-
Kesehatan,MANDIRI,"110,613",2025-03-31 22:04,Iuran BPJS Maret 2025,-
Kirim Saldo,MANDIRI,"500,000",2025-03-31 17:49,Ke DOMPET,-
Terima Saldo,DOMPET,"500,000",2025-03-31 17:49,Dari MANDIRI,+
Biaya Admin,MANDIRI,"12,000",2025-03-31 17:49,Biaya Admin,-
Kuota Internet,MANDIRI,"102,000",2025-03-29 03:36,,-
Belanja,MANDIRI,"94,000",2025-03-28 19:29,,-
Minuman,DOMPET,"20,000",2025-03-28 19:29,,-
Utang,MANDIRI,"56,500",2025-03-28 12:22,Seabank Pinjam,-
Jajan,MANDIRI,"15,000",2025-03-26 22:24,Boneka,-
Makanan,MANDIRI,"50,000",2025-03-26 22:24,,-
Laundry,MANDIRI,"25,000",2025-03-26 22:23,,-
Kirim Saldo,MANDIRI,"10,659",2025-03-26 22:22,Ke BCA Blu,-
Terima Saldo,BCA Blu,"10,659",2025-03-26 22:22,Dari MANDIRI,+
Kirim Saldo,BCA Blu,"730,600",2025-03-26 22:18,Ke BANK BNI,-
Terima Saldo,BANK BNI,"730,600",2025-03-26 22:18,Dari BCA Blu,+
Kirim Saldo,DOMPET,"72,000",2025-03-26 22:18,Ke MANDIRI,-
Terima Saldo,MANDIRI,"72,000",2025-03-26 22:18,Dari DOMPET,+
Kirim Saldo,GOPAY,"18,564",2025-03-26 22:18,Ke MANDIRI,-
Terima Saldo,MANDIRI,"18,564",2025-03-26 22:18,Dari GOPAY,+
Belanja,BANK BNI,"150,000",2025-03-26 22:01,Belanja Sebelum Pulang,-
Gaji Maxximum,MANDIRI,"13,000,000",2025-03-26 15:47,Gaji Bulan Maret 2025 + THR,+
Gaji Cempor,BANK BNI,"993,500",2025-03-26 10:00,Latsar Film Pendek,+
Tambah Pinjaman,BANK BNI,"100,000",2025-03-25 07:18,Dibayar Abis Kerja,-
Makanan,DOMPET,"20,000",2025-03-25 01:34,,-
Makanan,BCA Blu,"50,000",2025-03-24 13:25,Bukber,-
Bensin,MANDIRI,"50,000",2025-03-23 22:01,,-
Belanja,MANDIRI,"58,773",2025-03-23 22:01,,-
Laundry,MANDIRI,"20,000",2025-03-23 22:00,Permak Celana,-
Motor,MANDIRI,"15,000",2025-03-23 22:00,Cuci Motor,-
Kesehatan,MANDIRI,"20,000",2025-03-23 22:00,Pangkas Rambut,-
Kirim Saldo,MANDIRI,"105,127",2025-03-23 21:52,Ke BANK BNI,-
Terima Saldo,BANK BNI,"105,127",2025-03-23 21:52,Dari MANDIRI,+
Kirim Saldo,MANDIRI,"501,000",2025-03-23 21:51,Ke DOMPET,-
Terima Saldo,DOMPET,"501,000",2025-03-23 21:51,Dari MANDIRI,+
Belanja,MANDIRI,"170,000",2025-03-22 21:37,Mingguan,-
Motor,BANK BNI,"450,000",2025-03-22 16:12,,-
Kirim Saldo,DOMPET,"50,000",2025-03-20 21:23,Ke BANK BNI,-
Terima Saldo,BANK BNI,"50,000",2025-03-20 21:23,Dari DOMPET,+
Bensin,DOMPET,"20,000",2025-03-20 20:36,,-
Belanja,DOMPET,"40,000",2025-03-20 20:36,,-
Belanja,BCA Blu,"63,500",2025-03-20 09:09,Chat GPT,-
Belanja,BANK BNI,"100,000",2025-03-18 22:23,,-
Bensin,BANK BNI,"100,000",2025-03-18 22:23,,-
Transfer Amplop,BANK BNI,"540,000",2025-03-18 22:23,,-
Makanan,BANK BNI,"75,000",2025-03-18 22:22,,-
Kirim Saldo,SHOPEE PAY,"47,958",2025-03-18 22:21,Ke BANK BNI,-
Terima Saldo,BANK BNI,"47,958",2025-03-18 22:21,Dari SHOPEE PAY,+
Kirim Saldo,BANK BNI,"92,000",2025-03-18 22:20,Ke BANK BRI,-
Terima Saldo,BANK BRI,"92,000",2025-03-18 22:20,Dari BANK BNI,+
Kirim Saldo,DOMPET,"339,000",2025-03-18 22:20,Ke BANK BNI,-
Terima Saldo,BANK BNI,"339,000",2025-03-18 22:20,Dari DOMPET,+
Kirim Saldo,MANDIRI,"57,600",2025-03-18 22:19,Ke BANK BNI,-
Terima Saldo,BANK BNI,"57,600",2025-03-18 22:19,Dari MANDIRI,+
Elektronik,MANDIRI,"1,500,000",2025-03-18 21:07,HP Oppo Reno 13 F 5G,-
Spay Later,SHOPEE PAY,"450,000",2025-03-18 21:04,,-
Kirim Saldo,MANDIRI,"150,000",2025-03-18 21:03,Ke SHOPEE PAY,-
Terima Saldo,SHOPEE PAY,"150,000",2025-03-18 21:03,Dari MANDIRI,+
Kost,DOMPET,"750,000",2025-03-18 20:59,,-
Transfer Amplop,DOMPET,"500,000",2025-03-18 20:57,THR KLG Ayang,-
Kirim Saldo,MANDIRI,"1,750,000",2025-03-18 19:23,Ke DOMPET,-
Terima Saldo,DOMPET,"1,750,000",2025-03-18 19:23,Dari MANDIRI,+
Tagih Hutang,SHOPEE PAY,"350,000",2025-03-18 18:48,,+
Kuota Internet,MANDIRI,"125,000",2025-03-18 08:13,,-
Ayang,BANK BNI,"235,760",2025-03-16 20:09,Body Care ,-
Belanja,BANK BNI,"112,052",2025-03-16 14:18,,-
Balance,DOMPET,"68,831",2025-03-15 12:02,,-
Jajan,DOMPET,"75,000",2025-03-15 12:01,,-
Bensin,DOMPET,"100,000",2025-03-15 12:01,,-
Makanan,DOMPET,"163,223",2025-03-15 12:00,,-
Makanan,DOMPET,"45,000",2025-03-15 12:00,Bukber,-
Lampu,DOMPET,"35,000",2025-03-15 11:59,,-
Kirim Saldo,MANDIRI,"130,245",2025-03-15 11:57,Ke DOMPET,-
Terima Saldo,DOMPET,"130,245",2025-03-15 11:57,Dari MANDIRI,+
Kirim Saldo,BANK BRI,"209,689",2025-03-15 11:57,Ke DOMPET,-
Terima Saldo,DOMPET,"209,689",2025-03-15 11:57,Dari BANK BRI,+
Kirim Saldo,BANK BNI,"9,120",2025-03-15 11:56,Ke DOMPET,-
Terima Saldo,DOMPET,"9,120",2025-03-15 11:56,Dari BANK BNI,+
Gaji Maxximum,MANDIRI,"560,000",2025-03-15 11:45,SPPD Jakarta,+
Gaji Cempor,BANK BNI,"203,500",2025-03-15 11:44,Talent Mapping Film Pendek,+
Belanja,BANK BNI,"70,000",2025-03-11 17:47,Belanja Buka,-
Makanan,DOMPET,"12,000",2025-03-11 17:47,,-
Tambah Pinjaman,BANK BNI,"510,000",2025-03-11 14:16,Beli Ban Buat Mudik,-
Ayang,BANK BNI,"432,955",2025-03-09 23:13,Set Ibadah,-
Tagih Hutang,BANK BRI,"100,000",2025-03-09 22:37,,+
Jajan,MANDIRI,"45,000",2025-03-09 15:48,CW,-
Makanan,DOMPET,"40,000",2025-03-09 15:48,Ayam 1KG,-
Belanja,MANDIRI,"138,500",2025-03-08 14:53,Mingguan,-
Balance,BANK BNI,"17,782",2025-03-08 14:52,,-
Makanan,GOPAY,"29,919",2025-03-08 14:52,Buka Puasa,-
Makanan,DOMPET,"56,000",2025-03-08 14:51,Buka dan sahur,-
Adm Bank,BANK BRI,"10,750",2025-03-08 14:50,Admin,-
Makanan,BANK BNI,"30,000",2025-03-06 17:49,,-
Gaji Maxximum,MANDIRI,"6,500,000",2025-03-06 04:07,,+
Bensin,DOMPET,"50,000",2025-03-05 16:14,,-
Tambah Pinjaman,BCA Blu,"100,000",2025-03-03 17:18,,-
Spay Later,BANK BNI,"654,680",2025-03-02 13:44,,-
Kirim Saldo,BCA Blu,"20,000",2025-03-01 18:29,Ke DOMPET,-
Terima Saldo,DOMPET,"20,000",2025-03-01 18:29,Dari BCA Blu,+
Transfer Amplop,BCA Blu,"50,000",2025-03-01 11:32,Infak Dea,-
Kirim Saldo,BCA Blu,"30,000",2025-02-28 21:31,Ke BANK BRI,-
Terima Saldo,BANK BRI,"30,000",2025-02-28 21:31,Dari BCA Blu,+
Kirim Saldo,BCA Blu,"660,000",2025-02-28 18:08,Ke BANK BNI,-
Terima Saldo,BANK BNI,"660,000",2025-02-28 18:08,Dari BCA Blu,+
Gaji Cempor,BANK BNI,"1,607,000",2025-02-28 18:08,Pemantapan PB,+
Kirim Saldo,MANDIRI,"300,000",2025-02-28 13:09,Ke DOMPET,-
Terima Saldo,DOMPET,"300,000",2025-02-28 13:09,Dari MANDIRI,+
Belanja,MANDIRI,"68,300",2025-02-28 13:08,Puasa,-
Balance,SHOPEE PAY,"14,526",2025-02-28 10:51,,-
Kirim Saldo,SHOPEE PAY,"4,500",2025-02-28 10:50,Ke DOMPET,-
Terima Saldo,DOMPET,"4,500",2025-02-28 10:50,Dari SHOPEE PAY,+
Kirim Saldo,SHOPEE PAY,"15,974",2025-02-28 10:49,Ke MANDIRI,-
Terima Saldo,MANDIRI,"15,974",2025-02-28 10:49,Dari SHOPEE PAY,+
Kirim Saldo,BANK BNI,"42,500",2025-02-28 10:47,Ke DOMPET,-
Terima Saldo,DOMPET,"42,500",2025-02-28 10:47,Dari BANK BNI,+
Kirim Saldo,SeaBank,"11,026",2025-02-28 10:47,Ke MANDIRI,-
Terima Saldo,MANDIRI,"11,026",2025-02-28 10:47,Dari SeaBank,+
Kirim Saldo,MANDIRI,"5,000,000",2025-02-28 10:42,Ke BCA Blu,-
Terima Saldo,BCA Blu,"5,000,000",2025-02-28 10:42,Dari MANDIRI,+
Adm Bank,MANDIRI,"100,000",2025-02-28 10:41,Pembuatan Rekening BCA Blu,-
Kost,DOMPET,"750,000",2025-02-28 10:35,Kost Bulan Februari 2024,-
Bensin,DOMPET,"50,000",2025-02-28 10:35,,-
Tambah Pinjaman,DOMPET,"50,000",2025-02-26 00:38,,-
Kuota Internet,BANK BRI,"101,000",2025-02-23 16:49,Kuota 40gb,-
Jajan,BANK BRI,"50,000",2025-02-22 22:03,Sukabumi,-
Makanan,DOMPET,"157,475",2025-02-21 22:31,,-
Laundry,DOMPET,"30,000",2025-02-21 22:31,,-
Adm Bank,BANK BRI,"8,000",2025-02-21 22:29,Februari 2025,-
Jajan,SHOPEE PAY,"15,190",2025-02-21 22:29,Terabox,-
Kirim Saldo,DOMPET,"4,400",2025-02-21 22:28,Ke BANK BNI,-
Terima Saldo,BANK BNI,"4,400",2025-02-21 22:28,Dari DOMPET,+
Kirim Saldo,DOMPET,"86,125",2025-02-21 22:27,Ke MANDIRI,-
Terima Saldo,MANDIRI,"86,125",2025-02-21 22:27,Dari DOMPET,+
Bensin,MANDIRI,"60,000",2025-02-21 22:24,Shell,-
Kirim Saldo,MANDIRI,"1,000,000",2025-02-21 22:21,Ke DOMPET,-
Terima Saldo,DOMPET,"1,000,000",2025-02-21 22:21,Dari MANDIRI,+
Jajan,MANDIRI,"80,000",2025-02-21 22:09,Jajan Mingguan,-
Gaji Cempor,BANK BNI,"1,273,500",2025-02-20 22:20,Cempor PB Latsar,+
Kesehatan,MANDIRI,"145,000",2025-02-18 09:23,Periksa Kelinik Cikutra,-
Gaji Cempor,BANK BNI,"693,500",2025-02-17 22:19,Cempor PB TM,+
Jajan,BANK BNI,"50,000",2025-02-15 20:05,Jajan,-
Tagih Hutang,BANK BRI,"70,000",2025-02-15 19:39,,+
Belanja,BANK BRI,"63,500",2025-02-15 12:13,Seakun Chat GPT,-
Makanan,MANDIRI,"150,000",2025-02-15 11:54,,-
Jajan,MANDIRI,"83,605",2025-02-15 11:54,,-
Bensin,MANDIRI,"100,000",2025-02-15 11:54,,-
Laundry,MANDIRI,"70,000",2025-02-15 11:53,,-
Kirim Saldo,BANK BNI,"4,828",2025-02-15 11:50,Ke MANDIRI,-
Terima Saldo,MANDIRI,"4,828",2025-02-15 11:50,Dari BANK BNI,+
Kirim Saldo,BANK BNI,"69,588",2025-02-15 11:48,Ke GOPAY,-
Terima Saldo,GOPAY,"69,588",2025-02-15 11:48,Dari BANK BNI,+
Kirim Saldo,BANK BNI,"36,137",2025-02-15 11:46,Ke BANK BRI,-
Terima Saldo,BANK BRI,"36,137",2025-02-15 11:46,Dari BANK BNI,+
Kirim Saldo,BANK BNI,"8,247",2025-02-15 11:46,Ke SeaBank,-
Terima Saldo,SeaBank,"8,247",2025-02-15 11:46,Dari BANK BNI,+
Kirim Saldo,DOMPET,"13,113",2025-02-15 11:45,Ke BANK BRI,-
Terima Saldo,BANK BRI,"13,113",2025-02-15 11:45,Dari DOMPET,+
Kirim Saldo,DOMPET,"56,887",2025-02-15 11:44,Ke SHOPEE PAY,-
Terima Saldo,SHOPEE PAY,"56,887",2025-02-15 11:44,Dari DOMPET,+
Tambah Pinjaman,MANDIRI,"70,000",2025-02-15 11:42,Balance,-
Tambah Pinjaman,MANDIRI,"250,000",2025-02-15 11:41,Balance,-
Elektronik,MANDIRI,"1,400,000",2025-02-05 11:52,Cicilan HP Bulan 1 Reno 13 F 5G,-
Gaji Maxximum,MANDIRI,"6,500,000",2025-02-05 11:39,Gaji Bulan Januari 2025,+
Makanan,MANDIRI,"200,000",2025-02-02 00:39,,-
Bensin,MANDIRI,"100,000",2025-02-02 00:39,,-
Elektronik,MANDIRI,"1,600,000",2025-02-02 00:39,DP HP OPPO RENO 13F 5G,-
Kost,MANDIRI,"750,000",2025-02-02 00:38,,-
Laundry,MANDIRI,"35,000",2025-02-02 00:38,,-
Kirim Saldo,BANK BNI,"152,021",2025-02-02 00:37,Ke MANDIRI,-
Terima Saldo,MANDIRI,"152,021",2025-02-02 00:37,Dari BANK BNI,+
Kirim Saldo,BANK BNI,"182,688",2025-02-02 00:36,Ke DOMPET,-
Terima Saldo,DOMPET,"182,688",2025-02-02 00:36,Dari BANK BNI,+
Kirim Saldo,SHOPEE PAY,"23,302",2025-02-02 00:35,Ke DOMPET,-
Terima Saldo,DOMPET,"23,302",2025-02-02 00:35,Dari SHOPEE PAY,+
Tagih Hutang,BANK BRI,"20,000",2025-02-02 00:34,,+
Kirim Saldo,BANK BNI,"50,000",2025-02-02 00:34,Ke BANK BRI,-
Terima Saldo,BANK BRI,"50,000",2025-02-02 00:34,Dari BANK BNI,+
Bensin,MANDIRI,"50,000",2025-01-25 05:30,,-
Rokok,MANDIRI,"50,000",2025-01-22 21:01,,-
Minuman,BANK BNI,"22,000",2025-01-21 18:23,Agnia,-
Tambah Pinjaman,DOMPET,"20,000",2025-01-20 19:39,,-
Kuota Internet,DOMPET,"15,000",2025-01-20 19:39,,-
Laundry,DOMPET,"30,000",2025-01-20 19:38,,-
Kirim Saldo,DOMPET,"67,000",2025-01-20 19:38,Ke BANK BRI,-
Terima Saldo,BANK BRI,"67,000",2025-01-20 19:38,Dari DOMPET,+
Kirim Saldo,BANK BNI,"33,082",2025-01-20 19:37,Ke DOMPET,-
Terima Saldo,DOMPET,"33,082",2025-01-20 19:37,Dari BANK BNI,+
Kirim Saldo,MANDIRI,"43,280",2025-01-20 19:37,Ke DOMPET,-
Terima Saldo,DOMPET,"43,280",2025-01-20 19:37,Dari MANDIRI,+
Bensin,DOMPET,"100,000",2025-01-20 19:37,,-
Kirim Saldo,SHOPEE PAY,"14,148",2025-01-20 19:32,Ke DOMPET,-
Terima Saldo,DOMPET,"14,148",2025-01-20 19:32,Dari SHOPEE PAY,+
Adek,BANK BNI,"50,000",2025-01-20 13:00,,-
Laundry,DOMPET,"30,000",2025-01-17 15:38,,-
Kirim Saldo,MANDIRI,"200,000",2025-01-17 15:37,Ke DOMPET,-
Terima Saldo,DOMPET,"200,000",2025-01-17 15:37,Dari MANDIRI,+
Kesehatan,DOMPET,"20,000",2025-01-17 15:37,Pangkas,-
Makanan,DOMPET,"30,000",2025-01-17 15:37,,-
Bensin,MANDIRI,"50,000",2025-01-17 15:19,,-
Ayang,MANDIRI,"250,000",2025-01-17 14:30,Boneka,-
Listrik,BANK BNI,"50,000",2025-01-15 21:15,Rumah,-
Jajan,DOMPET,"25,000",2025-01-15 09:52,Jajan Aoka,-
Kost,DOMPET,"70,000",2025-01-14 09:51,Iuran Kost Januari - Agustus 2025,-
Bensin,DOMPET,"50,000",2025-01-13 22:13,,-
Makanan,DOMPET,"60,000",2025-01-13 19:50,Makan agnia,-
Balance,BANK BRI,"11,500",2025-01-12 15:19,,-
Balance,DOMPET,"197,500",2025-01-12 15:19,,-
Tagih Hutang,BANK BRI,"45,000",2025-01-12 15:18,,+
Belanja,MANDIRI,"75,000",2025-01-12 10:56,Mingguan,-
Kirim Saldo,MANDIRI,"300,000",2025-01-12 10:49,Ke DOMPET,-
Terima Saldo,DOMPET,"300,000",2025-01-12 10:49,Dari MANDIRI,+
Jajan,BANK BNI,"100,000",2025-01-11 11:38,Madu,-
Ayang,BANK BNI,"300,000",2025-01-10 19:37,,-
Makanan,DOMPET,"30,000",2025-01-10 19:29,Makan,-
Minuman,MANDIRI,"20,000",2025-01-10 19:29,Lemon Tea,-
Belanja,MANDIRI,"150,000",2025-01-09 18:41,Mingguan ,-
Rokok,DOMPET,"50,000",2025-01-08 17:17,Samsu refil 2 bks,-
Jajan,DOMPET,"20,000",2025-01-08 16:42,Rambutan,-
Motor,DOMPET,"450,000",2025-01-08 14:05,Pajak tahun 2024,-
Kirim Saldo,BANK BNI,"500,000",2025-01-08 13:39,Ke DOMPET,-
Terima Saldo,DOMPET,"500,000",2025-01-08 13:39,Dari BANK BNI,+
Biaya Admin,BANK BNI,"7,500",2025-01-08 13:39,Biaya Admin,-
Adek,MANDIRI,"50,000",2025-01-07 13:21,,-
Tambah Pinjaman,DOMPET,"50,000",2025-01-07 12:41,Beli Oli,-
Laundry,DOMPET,"30,000",2025-01-06 19:01,,-
Jajan,DOMPET,"5,000",2025-01-06 19:01,Cincau ,-
Bensin,DOMPET,"50,000",2025-01-06 09:25,,-
Bensin,DOMPET,"50,000",2025-01-05 10:46,Bensin Pulang,-
Belanja,DOMPET,"90,000",2025-01-05 10:46,Belanja Mingguan,-
Motor,DOMPET,"40,000",2025-01-05 10:45,Kunci L,-
Rokok,DOMPET,"75,000",2025-01-05 10:45,Sampoerna Mild 2 Bks,-
Bensin,DOMPET,"100,000",2025-01-05 10:44,Pulang Ke Mekarwangi,-
Jajan,DOMPET,"75,000",2025-01-05 10:44,Sukabumi,-
Jajan,DOMPET,"120,000",2025-01-05 10:44,Oleh Oleh Pulang Taun baru,-
Bensin,MANDIRI,"50,000",2025-01-05 10:34,,-
Jajan,MANDIRI,"40,351",2025-01-05 10:34,,-
Kirim Saldo,MANDIRI,"26,398",2025-01-05 10:33,Ke DOMPET,-
Terima Saldo,DOMPET,"26,398",2025-01-05 10:33,Dari MANDIRI,+
Kirim Saldo,GOPAY,"41,058",2025-01-05 10:32,Ke DOMPET,-
Terima Saldo,DOMPET,"41,058",2025-01-05 10:32,Dari GOPAY,+
Kirim Saldo,BANK BRI,"10,750",2025-01-05 10:31,Ke DOMPET,-
Terima Saldo,DOMPET,"10,750",2025-01-05 10:31,Dari BANK BRI,+
Kirim Saldo,BANK BNI,"52,794",2025-01-05 10:31,Ke DOMPET,-
Terima Saldo,DOMPET,"52,794",2025-01-05 10:31,Dari BANK BNI,+
Spay Later,MANDIRI,"600,000",2025-01-05 10:28,,-
Gaji Maxximum,MANDIRI,"6,500,000",2025-01-05 10:25,Gaji Bulan Desember 2024,+
Kost,MANDIRI,"650,000",2024-12-28 10:27,Kost Januari 2025,-
Kirim Saldo,BANK BNI,"6,169",2024-12-27 21:21,Ke MANDIRI,-
Terima Saldo,MANDIRI,"6,169",2024-12-27 21:21,Dari BANK BNI,+
Kirim Saldo,DOMPET,"29,000",2024-12-27 21:20,Ke SeaBank,-
Terima Saldo,SeaBank,"29,000",2024-12-27 21:20,Dari DOMPET,+
Kirim Saldo,SHOPEE PAY,"5,100",2024-12-27 21:19,Ke SeaBank,-
Terima Saldo,SeaBank,"5,100",2024-12-27 21:19,Dari SHOPEE PAY,+
Belanja,MANDIRI,"141,000",2024-12-27 21:11,Belanja Mingguan,-
Jajan,MANDIRI,"86,000",2024-12-27 21:11,,-
Kirim Saldo,MANDIRI,"700,000",2024-12-27 21:10,Ke DOMPET,-
Terima Saldo,DOMPET,"700,000",2024-12-27 21:10,Dari MANDIRI,+
Balance,SeaBank,"75,000",2024-12-25 21:42,,-
Jajan,GOPAY,"19,344",2024-12-25 21:41,Canva pro,-
Kirim Saldo,Bibit,"4,944",2024-12-25 21:40,Ke GOPAY,-
Terima Saldo,GOPAY,"4,944",2024-12-25 21:40,Dari Bibit,+
Kirim Saldo,Bibit,"19,056",2024-12-25 21:38,Ke Bank Jago,-
Terima Saldo,Bank Jago,"19,056",2024-12-25 21:38,Dari Bibit,+
Laundry,SeaBank,"35,000",2024-12-25 21:30,,-
Tagih Hutang,BANK BRI,"25,000",2024-12-25 21:29,,+
Elektronik,MANDIRI,"345,500",2024-12-25 10:01,Beli Ram,-
Tagih Hutang,MANDIRI,"245,500",2024-12-25 10:00,,+
Minuman,DOMPET,"54,000",2024-12-24 21:30,Minuman,-
Jajan,GOPAY,"63,000",2024-12-23 20:36,Chat GPT,-
Pekerjaan,BANK BNI,"3,500,000",2024-12-23 18:55,Sidopa,+
Bensin,DOMPET,"55,000",2024-12-23 16:17,,-
Belanja,MANDIRI,"120,000",2024-12-21 15:53,"Kunci L, Jam Dinding, Baterai AA",-
Film,MANDIRI,"110,000",2024-12-21 12:01,Mufasa: The lion king ,-
Kirim Saldo,MANDIRI,"200,000",2024-12-20 19:15,Ke DOMPET,-
Terima Saldo,DOMPET,"200,000",2024-12-20 19:15,Dari MANDIRI,+
Motor,DOMPET,"5,000",2024-12-20 19:15,Parkir,-
Belanja,MANDIRI,"100,000",2024-12-20 19:14,Mingguan,-
Bensin,MANDIRI,"50,000",2024-12-20 19:09,,-
Motor,BANK BNI,"150,000",2024-12-20 11:31,,-
Kirim Saldo,DOMPET,"131,000",2024-12-20 11:19,Ke BANK BNI,-
Terima Saldo,BANK BNI,"131,000",2024-12-20 11:19,Dari DOMPET,+
Kirim Saldo,MANDIRI,"268,000",2024-12-20 11:19,Ke BANK BNI,-
Terima Saldo,BANK BNI,"268,000",2024-12-20 11:19,Dari MANDIRI,+
Kirim Saldo,BANK BRI,"50,000",2024-12-20 11:18,Ke BANK BNI,-
Terima Saldo,BANK BNI,"50,000",2024-12-20 11:18,Dari BANK BRI,+
Kirim Saldo,BANK BRI,"125,000",2024-12-20 11:17,Ke GOPAY,-
Terima Saldo,GOPAY,"125,000",2024-12-20 11:17,Dari BANK BRI,+
Adek,BANK BNI,"50,000",2024-12-16 11:31,Ulang Tahun,-
Kirim Saldo,BANK BRI,250,2024-12-14 23:47,Ke SHOPEE PAY,-
Terima Saldo,SHOPEE PAY,250,2024-12-14 23:47,Dari BANK BRI,+
Kirim Saldo,BANK BNI,"1,023",2024-12-14 23:47,Ke SHOPEE PAY,-
Terima Saldo,SHOPEE PAY,"1,023",2024-12-14 23:47,Dari BANK BNI,+
Kirim Saldo,MANDIRI,"52,500",2024-12-14 23:46,Ke BANK BNI,-
Terima Saldo,BANK BNI,"52,500",2024-12-14 23:46,Dari MANDIRI,+
Kirim Saldo,DOMPET,"145,000",2024-12-14 23:45,Ke BANK BNI,-
Terima Saldo,BANK BNI,"145,000",2024-12-14 23:45,Dari DOMPET,+
Kesehatan,DOMPET,"20,000",2024-12-14 23:33,Cukur rambut ,-
Bensin,DOMPET,"50,000",2024-12-14 23:33,,-
Jajan,DOMPET,"30,000",2024-12-14 23:32,,-
Listrik,DOMPET,"53,000",2024-12-14 23:32,,-
Makanan,DOMPET,"15,000",2024-12-14 23:32,,-
Motor,DOMPET,"15,000",2024-12-14 23:32,Cuci Motor,-
Rokok,DOMPET,"35,000",2024-12-14 23:31,Sampoerna Royal Splash,-
Kirim Saldo,MANDIRI,"500,000",2024-12-14 11:39,Ke DOMPET,-
Terima Saldo,DOMPET,"500,000",2024-12-14 11:39,Dari MANDIRI,+
Bensin,BANK BNI,"50,000",2024-12-14 11:31,,-
Belanja,BANK BNI,"127,000",2024-12-14 11:30,,-
Rokok,DOMPET,"35,000",2024-12-13 15:00,Sampoerna Royal Splash,-
Balance,BANK BNI,"95,339",2024-12-12 20:25,,-
Kirim Saldo,BANK BNI,"24,500",2024-12-12 20:24,Ke BANK BRI,-
Terima Saldo,BANK BRI,"24,500",2024-12-12 20:24,Dari BANK BNI,+
Kirim Saldo,DOMPET,"100,000",2024-12-12 14:47,Ke MANDIRI,-
Terima Saldo,MANDIRI,"100,000",2024-12-12 14:47,Dari DOMPET,+
Belanja,MANDIRI,"186,000",2024-12-11 18:52,Belanja Mingguan,-
Makanan,DOMPET,"30,000",2024-12-10 20:02,Belanja Makan,-
Belanja,MANDIRI,"26,000",2024-12-09 18:50,Telor 10,-
Laundry,DOMPET,"35,000",2024-12-09 18:50,,-
Makanan,DOMPET,"15,000",2024-12-09 13:52,Makan Siang,-
Bensin,DOMPET,"50,000",2024-12-09 07:11,,-
Jajan,MANDIRI,"35,500",2024-12-07 17:25,,-
Jajan,MANDIRI,"80,000",2024-12-07 02:53,,-
Bensin,DOMPET,"50,000",2024-12-07 00:41,,-
Kirim Saldo,MANDIRI,"323,000",2024-12-06 18:49,Ke DOMPET,-
Terima Saldo,DOMPET,"323,000",2024-12-06 18:49,Dari MANDIRI,+
Jajan,MANDIRI,"45,000",2024-12-06 17:23,,-
Adek,MANDIRI,"50,000",2024-12-06 14:16,,-
Spay Later,BANK BNI,"554,758",2024-12-06 11:38,,-
Kirim Saldo,BANK BNI,"36,015",2024-12-06 11:37,Ke DOMPET,-
Terima Saldo,DOMPET,"36,015",2024-12-06 11:37,Dari BANK BNI,+
Makanan,DOMPET,"50,000",2024-12-06 11:36,Makan 1-6 Desember 2024,-
Belanja,DOMPET,"20,000",2024-12-06 11:36,Galon,-
Belanja,DOMPET,"45,000",2024-12-06 11:36,Belanja Mingguan,-
Kirim Saldo,BANK BNI,"38,726",2024-12-06 11:35,Ke SHOPEE PAY,-
Terima Saldo,SHOPEE PAY,"38,726",2024-12-06 11:35,Dari BANK BNI,+
Kirim Saldo,BANK BRI,"1,750",2024-12-06 11:24,Ke SHOPEE PAY,-
Terima Saldo,SHOPEE PAY,"1,750",2024-12-06 11:24,Dari BANK BRI,+
Kirim Saldo,DOMPET,"13,015",2024-12-06 11:20,Ke SeaBank,-
Terima Saldo,SeaBank,"13,015",2024-12-06 11:20,Dari DOMPET,+
Kirim Saldo,Bibit,"35,300",2024-12-06 11:19,Ke SeaBank,-
Terima Saldo,SeaBank,"35,300",2024-12-06 11:19,Dari Bibit,+
Kirim Saldo,Bibit,"70,700",2024-12-06 11:17,Ke MANDIRI,-
Terima Saldo,MANDIRI,"70,700",2024-12-06 11:17,Dari Bibit,+
Gaji Maxximum,MANDIRI,"6,500,000",2024-12-06 11:06,Gaji Bulan November 2024,+
Tambah Pinjaman,BANK BNI,"62,500",2024-12-05 14:01,,-
Gaji Maxximum,MANDIRI,"250,000",2024-12-04 20:22,SPD Cirebon,+
Tambah Pinjaman,BANK BNI,"58,000",2024-12-04 13:03,Kabel data IP pay latter,-
Rokok,DOMPET,"27,000",2024-11-30 11:00,Magnum,-
Bensin,DOMPET,"50,000",2024-11-30 09:10,,-
Laundry,DOMPET,"23,000",2024-11-30 09:09,,-
Kost,DOMPET,"750,000",2024-11-30 08:29,,-
Tambah Pinjaman,MANDIRI,"102,500",2024-11-29 18:42,,-
Tambah Pinjaman,MANDIRI,"52,500",2024-11-29 18:00,,-
Kirim Saldo,SHOPEE PAY,"30,000",2024-11-28 09:28,Ke SeaBank,-
Terima Saldo,SeaBank,"30,000",2024-11-28 09:28,Dari SHOPEE PAY,+
Kirim Saldo,SeaBank,"200,000",2024-11-28 09:28,Ke MANDIRI,-
Terima Saldo,MANDIRI,"200,000",2024-11-28 09:28,Dari SeaBank,+
Tagih Hutang,SeaBank,"200,000",2024-11-26 19:12,,+
Jajan,BANK BNI,"263,000",2024-11-25 19:37,,-
Jajan,BANK BNI,"125,000",2024-11-24 14:59,BBQ,-
Jajan,BANK BNI,"80,000",2024-11-24 00:17,Mainan ,-
Bensin,BANK BNI,"60,000",2024-11-23 20:35,,-
Belanja,BANK BNI,"200,000",2024-11-23 20:35,,-
Jajan,BANK BNI,"92,019",2024-11-23 20:35,,-
Belanja,BANK BNI,"60,000",2024-11-23 20:35,,-
Kirim Saldo,SHOPEE PAY,"14,199",2024-11-23 20:34,Ke BANK BNI,-
Terima Saldo,BANK BNI,"14,199",2024-11-23 20:34,Dari SHOPEE PAY,+
Kirim Saldo,BANK BNI,"672,000",2024-11-23 20:33,Ke DOMPET,-
Terima Saldo,DOMPET,"672,000",2024-11-23 20:33,Dari BANK BNI,+
Kirim Saldo,BANK BNI,"138,880",2024-11-23 20:30,Ke BANK BRI,-
Terima Saldo,BANK BRI,"138,880",2024-11-23 20:30,Dari BANK BNI,+
Tambah Pinjaman,BANK BNI,"50,000",2024-11-20 12:46,,-
Listrik,SHOPEE PAY,"103,000",2024-11-15 22:19,Rumah dan kost,-
Kirim Saldo,BANK BNI,"148,000",2024-11-15 22:13,Ke SHOPEE PAY,-
Terima Saldo,SHOPEE PAY,"148,000",2024-11-15 22:13,Dari BANK BNI,+
Biaya Admin,BANK BNI,"2,000",2024-11-15 22:13,Biaya Admin,-
Rokok,DOMPET,"50,000",2024-11-15 21:41,76 + Ese,-
Kirim Saldo,BANK BNI,"78,560",2024-11-15 21:40,Ke DOMPET,-
Terima Saldo,DOMPET,"78,560",2024-11-15 21:40,Dari BANK BNI,+
Kirim Saldo,BANK BNI,"18,620",2024-11-15 21:38,Ke BANK BRI,-
Terima Saldo,BANK BRI,"18,620",2024-11-15 21:38,Dari BANK BNI,+
Tambah Pinjaman,BANK BNI,"40,000",2024-11-15 21:35,,-
Belanja,BANK BNI,"90,000",2024-11-15 20:37,,-
Belanja,BANK BNI,"200,000",2024-11-15 18:36,Mingguan 2,-
Jajan,DOMPET,"150,000",2024-11-14 21:37,Kaos Asep,-
Minuman,DOMPET,"197,560",2024-11-11 21:42,,-
Bensin,DOMPET,"50,000",2024-11-11 20:52,,-
Kirim Saldo,BANK BNI,"500,000",2024-11-11 20:51,Ke DOMPET,-
Terima Saldo,DOMPET,"500,000",2024-11-11 20:51,Dari BANK BNI,+
Ayang,BANK BNI,"300,000",2024-11-10 08:26,Tf November 2024,-
Kuota Internet,BANK BNI,"120,000",2024-11-09 12:15,Indosat Ayang,-
Belanja,BANK BNI,"105,000",2024-11-08 18:28,Bandung -> Sukabumi,-
Belanja,DOMPET,"20,000",2024-11-08 07:26,Jajan,-
Belanja,BANK BNI,"218,000",2024-11-05 19:58,Belanja Minggu 1 Bulan November 2024,-
Tambah Pinjaman,BANK BNI,"20,000",2024-11-04 20:40,Nyobaan wkwk,-
Kirim Saldo,BANK BRI,"19,649",2024-11-04 20:26,Ke BANK BNI,-
Terima Saldo,BANK BNI,"19,649",2024-11-04 20:26,Dari BANK BRI,+
Gaji Maxximum,BANK BNI,"6,500,000",2024-11-04 15:00,Gaji Bulan Oktober 2024,+
Bensin,DOMPET,"102,500",2024-11-04 08:00,Sukabumi,-
Motor,BANK BNI,"148,500",2024-11-03 20:28,12rb KM,-
Jajan,BANK BNI,"55,000",2024-11-02 20:29,Sabun cuci muka,-
Belanja,BANK BNI,"132,600",2024-11-01 18:52,Jajan Mingguan,-
Kost,DOMPET,"700,000",2024-10-31 23:31,Kost Bulan November 2024,-
Spay Later,BANK BNI,"242,348",2024-10-31 20:28,Oktober 2024,-
Jajan,DOMPET,"130,000",2024-10-30 18:50,,-
Transfer Amplop,DOMPET,"50,000",2024-10-30 18:49,Wa Eben,-
Transfer Amplop,DOMPET,"50,000",2024-10-30 18:49,Teh nur,-
Bensin,DOMPET,"50,000",2024-10-30 18:49,Mekarwangi -> Bandung ,-
Belanja,SHOPEE PAY,"9,880",2024-10-30 18:47,Buku digital,-
Kirim Saldo,BANK BNI,"50,400",2024-10-30 18:46,Ke DOMPET,-
Terima Saldo,DOMPET,"50,400",2024-10-30 18:46,Dari BANK BNI,+
Utang,BANK BNI,"416,782",2024-10-29 12:44,Honest,-
Jajan,BANK BNI,"32,000",2024-10-27 22:39,Mekarwangi -> Bandung,-
Bensin,DOMPET,"50,000",2024-10-27 22:39,Mekarwangi -> Bandung ,-
Belanja,BANK BNI,"175,000",2024-10-27 22:38,Mingguan 3 Oktober 2024,-
Ayang,DOMPET,"50,000",2024-10-26 22:37,Jajan,-
Adek,BANK BNI,"50,000",2024-10-26 07:19,,-
Belanja,BANK BNI,"100,000",2024-10-24 22:13,buah oleh oleh,-
Makanan,BANK BNI,"114,300",2024-10-24 22:13,,-
Kirim Saldo,BANK BNI,"250,000",2024-10-24 22:11,Ke DOMPET,-
Terima Saldo,DOMPET,"250,000",2024-10-24 22:11,Dari BANK BNI,+
Kirim Saldo,BANK BNI,"1,000,000",2024-10-24 22:07,Ke DOMPET,-
Terima Saldo,DOMPET,"1,000,000",2024-10-24 22:07,Dari BANK BNI,+
Bensin,DOMPET,"50,000",2024-10-21 08:04,,-
Belanja,DOMPET,"245,900",2024-10-18 18:48,Week 3 Oktober 2024,-
Ayang,BANK BNI,"302,500",2024-10-16 23:38,Uang jajan bulan Oktober 2024,-
Bayar Hutang,BANK BNI,"200,000",2024-10-16 23:37,,-
Makanan,DOMPET,"62,000",2024-10-16 21:33,Makan + Jajan,-
Makanan,BANK BNI,"47,375",2024-10-16 21:33,,-
Makanan,DOMPET,"30,000",2024-10-16 21:32,Makanan Kucing,-
Kirim Saldo,BANK BNI,"85,325",2024-10-16 21:28,Ke SHOPEE PAY,-
Terima Saldo,SHOPEE PAY,"85,325",2024-10-16 21:28,Dari BANK BNI,+
Bensin,BANK BNI,"51,000",2024-10-16 21:14,,-
Jajan,DOMPET,"10,000",2024-10-15 13:00,,-
Kesehatan,DOMPET,"20,000",2024-10-15 12:59,Pangkas Rambut,-
Rokok,BANK BNI,"201,200",2024-10-12 15:21,Pod,-
Utang,BANK BNI,"33,000",2024-10-11 11:47,Atome Bulan September 2024,-
Kuota Internet,SHOPEE PAY,"88,000",2024-10-11 11:45,,-
Makanan,DOMPET,"30,000",2024-10-10 00:29,Belanja jengkol wkwk,-
Rokok,DOMPET,"32,000",2024-10-10 00:28,,-
Kirim Saldo,BANK BNI,"500,000",2024-10-09 20:23,Ke DOMPET,-
Terima Saldo,DOMPET,"500,000",2024-10-09 20:23,Dari BANK BNI,+
Bensin,BANK BNI,"46,460",2024-10-09 08:06,,-
Kuota Internet,BANK BNI,"50,815",2024-10-06 15:30,Mamah,-
Bensin,BANK BNI,"38,240",2024-10-06 04:19,,-
Listrik,BANK BNI,"48,900",2024-10-05 22:09,Listrik Kost Bulan Oktober 2024,-
Listrik,BANK BNI,"45,538",2024-10-05 22:04,Listrik Rumah Bulan September,-
Balance,BANK BNI,"37,764",2024-10-05 22:01,,-
Kirim Saldo,BANK BNI,"7,853",2024-10-05 21:59,Ke SHOPEE PAY,-
Terima Saldo,SHOPEE PAY,"7,853",2024-10-05 21:59,Dari BANK BNI,+
Belanja,DOMPET,"12,000",2024-10-05 21:58,Parkir Borma,-
Kirim Saldo,BANK BNI,"28,750",2024-10-05 21:55,Ke BANK BRI,-
Terima Saldo,BANK BRI,"28,750",2024-10-05 21:55,Dari BANK BNI,+
Belanja,BANK BNI,"281,300",2024-10-05 21:51,Belanja Minggu 1 Oktober 2024,-
Gaji Maxximum,BANK BNI,"7,000,000",2024-10-05 00:00,Gaji Bulan September 2024,+
Jajan,BANK BNI,"50,000",2024-10-04 22:00,Gacoan,-
Makanan,DOMPET,"5,000",2024-10-03 12:22,,-
Kuota Internet,BANK BRI,"45,000",2024-09-30 22:11,,-
Rokok,DOMPET,"40,000",2024-09-30 22:10,,-
Elektronik,DOMPET,"150,000",2024-09-30 22:10,Perbaikan HP Poco M3,-
Tagih Hutang,DOMPET,"100,000",2024-09-30 22:10,,+
Bayar Hutang,BANK BNI,"1,000,000",2024-09-30 21:53,Seabank Pinjam November 2024,-
Rokok,DOMPET,"64,236",2024-09-30 21:13,,-
Adm Bank,BANK BNI,"19,196",2024-09-30 21:12,,-
Balance,BANK BNI,"50,000",2024-09-30 21:12,,-
Utang,BANK BNI,"721,637",2024-09-30 21:11,Shopee Pinjam Laptop November 2024,-
Utang,BANK BNI,"546,510",2024-09-30 21:09,Spaylater November 2024,-
Utang,BANK BNI,"60,000",2024-09-30 21:08,Seabank Pinjam November 2024 Admin,-
Kost,DOMPET,"600,000",2024-09-29 22:09,Oktober 2024,-
Adek,BANK BNI,"20,000",2024-09-29 18:09,,-
Kirim Saldo,BANK BRI,"200,000",2024-09-29 12:07,Ke DOMPET,-
Terima Saldo,DOMPET,"200,000",2024-09-29 12:07,Dari BANK BRI,+
Belanja,DOMPET,"48,500",2024-09-29 11:03,,-
Kirim Saldo,DOMPET,"48,500",2024-09-29 11:02,Ke BANK BRI,-
Terima Saldo,BANK BRI,"48,500",2024-09-29 11:02,Dari DOMPET,+
Tagih Hutang,BANK BRI,"100,000",2024-09-25 10:52,,+
Kirim Saldo,BANK BNI,"380,000",2024-09-24 22:12,Ke DOMPET,-
Terima Saldo,DOMPET,"380,000",2024-09-24 22:12,Dari BANK BNI,+
Kirim Saldo,BANK BNI,"1,300,000",2024-09-23 20:06,Ke Bibit,-
Terima Saldo,Bibit,"1,300,000",2024-09-23 20:06,Dari BANK BNI,+
Kirim Saldo,BANK BRI,"300,000",2024-09-22 13:11,Ke DOMPET,-
Terima Saldo,DOMPET,"300,000",2024-09-22 13:11,Dari BANK BRI,+
Kesehatan,DOMPET,"20,000",2024-09-21 22:55,Pangkas,-
Kuota Internet,DOMPET,"20,000",2024-09-21 22:55,,-
Bensin,DOMPET,"50,000",2024-09-21 22:54,,-
Motor,DOMPET,"15,000",2024-09-21 22:54,Isi angin,-
Makanan,DOMPET,"20,000",2024-09-21 22:54,,-
Kirim Saldo,SHOPEE PAY,"16,895",2024-09-21 22:53,Ke DOMPET,-
Terima Saldo,DOMPET,"16,895",2024-09-21 22:53,Dari SHOPEE PAY,+
Kirim Saldo,DOMPET,"189,659",2024-09-21 22:51,Ke BANK BRI,-
Terima Saldo,BANK BRI,"189,659",2024-09-21 22:51,Dari DOMPET,+
Kirim Saldo,BANK BNI,"200,000",2024-09-21 22:49,Ke DOMPET,-
Terima Saldo,DOMPET,"200,000",2024-09-21 22:49,Dari BANK BNI,+
Kirim Saldo,BANK BNI,"76,700",2024-09-21 22:47,Ke BANK BRI,-
Terima Saldo,BANK BRI,"76,700",2024-09-21 22:47,Dari BANK BNI,+
Tambah Pinjaman,BANK BNI,"100,000",2024-09-20 22:23,Print sertifikat ,-
Belanja,BANK BNI,"45,000",2024-09-20 22:14,,-
Elektronik,SHOPEE PAY,"9,000",2024-09-20 22:13,Bi checking ,-
Makanan,DOMPET,"20,000",2024-09-20 22:13,,-
Rokok,DOMPET,"20,000",2024-09-19 19:02,Jarcok,-
Makanan,DOMPET,"20,000",2024-09-19 08:30,Makan Pagi,-
Minuman,BANK BRI,"20,000",2024-09-17 20:29,Makaroni,-
Belanja,BANK BNI,"161,000",2024-09-17 20:28,Beras,-
Belanja,BANK BNI,"66,700",2024-09-16 09:39,Makan Pagi,-
Kirim Saldo,BANK BNI,"55,000",2024-09-14 17:56,Ke BANK BRI,-
Terima Saldo,BANK BRI,"55,000",2024-09-14 17:56,Dari BANK BNI,+
Film,BANK BNI,"55,000",2024-09-14 17:56,,-
Utang,BANK BNI,"34,000",2024-09-14 11:36,Atome Card September ,-
Bensin,DOMPET,"50,000",2024-09-14 11:36,,-
Transfer Amplop,BANK BNI,"200,000",2024-09-14 06:06,Matangpuluh Nenek ela,-
Ayang,BANK BNI,"300,000",2024-09-14 06:05,,-
Bayar Hutang,BANK BNI,"200,000",2024-09-14 06:05,,-
Belanja,BANK BNI,"329,600",2024-09-13 17:13,Kompor gas,-
Kirim Saldo,BANK BNI,"50,000",2024-09-13 13:14,Ke SHOPEE PAY,-
Terima Saldo,SHOPEE PAY,"50,000",2024-09-13 13:14,Dari BANK BNI,+
Belanja,SHOPEE PAY,"56,000",2024-09-13 13:14,Spotify,-
Belanja,BANK BRI,"62,500",2024-09-12 23:08,Jemuran,-
Adek,BANK BNI,"50,000",2024-09-12 20:44,Top up Dana,-
Rokok,DOMPET,"26,000",2024-09-12 20:44,Twiz kuning ,-
Belanja,BANK BNI,"32,000",2024-09-12 20:43,Telur bumbu nasi goreng ,-
Makanan,DOMPET,"20,000",2024-09-11 19:32,,-
Belanja,BANK BNI,"161,800",2024-09-11 19:32,Belanja Bulanan,-
Makanan,DOMPET,"20,000",2024-09-10 21:26,Makan Pagi,-
Kuota Internet,SHOPEE PAY,"85,000",2024-09-10 21:26,,-
Kirim Saldo,BANK BNI,"100,000",2024-09-10 21:24,Ke SHOPEE PAY,-
Terima Saldo,SHOPEE PAY,"100,000",2024-09-10 21:24,Dari BANK BNI,+
Minuman,DOMPET,"100,000",2024-09-09 22:23,Bos Opik,-
Bensin,DOMPET,"50,000",2024-09-09 18:18,,-
Makanan,DOMPET,"30,000",2024-09-09 18:18,Pagi malam,-
Tagih Hutang,BANK BRI,"50,000",2024-09-09 17:39,,+
Belanja,BANK BRI,"26,000",2024-09-08 15:22,Jemuran pakaian wc,-
Tambah Pinjaman,SHOPEE PAY,"30,000",2024-09-07 22:31,Bengkel,-
Belanja,DOMPET,"25,000",2024-09-07 15:06,Makan,-
Belanja,BANK BNI,"146,700",2024-09-06 18:54,Belanja Bulanan,-
Kirim Saldo,BANK BNI,"250,000",2024-09-05 23:25,Ke DOMPET,-
Terima Saldo,DOMPET,"250,000",2024-09-05 23:25,Dari BANK BNI,+
Makanan,DOMPET,"30,000",2024-09-05 23:24,,-
Makanan,DOMPET,"20,000",2024-09-05 16:02,,-
Listrik,BANK BNI,"53,000",2024-09-05 00:39,59312229681352359172,-
Belanja,DOMPET,"262,481",2024-09-04 22:06,,-
Bensin,DOMPET,"100,000",2024-09-04 22:05,,-
Kesehatan,DOMPET,"50,000",2024-09-04 22:05,,-
Kirim Saldo,DOMPET,"95,631",2024-09-04 22:02,Ke BANK BRI,-
Terima Saldo,BANK BRI,"95,631",2024-09-04 22:02,Dari DOMPET,+
Kirim Saldo,SHOPEE PAY,"36,350",2024-09-04 22:01,Ke BANK BRI,-
Terima Saldo,BANK BRI,"36,350",2024-09-04 22:01,Dari SHOPEE PAY,+
Kirim Saldo,BANK BNI,"232,112",2024-09-04 22:00,Ke DOMPET,-
Terima Saldo,DOMPET,"232,112",2024-09-04 22:00,Dari BANK BNI,+
Gaji Maxximum,BANK BNI,"6,500,000",2024-09-04 14:00,Gaji Bulan Agustus 2024,+
Kirim Saldo,BANK BNI,"210,000",2024-09-04 13:44,Ke DOMPET,-
Terima Saldo,DOMPET,"210,000",2024-09-04 13:44,Dari BANK BNI,+
Adm Bank,SeaBank,"60,000",2024-08-30 12:09,Bunga Pinjam Seabank,-
Kirim Saldo,SHOPEE PAY,"765,000",2024-08-30 12:08,Ke SeaBank,-
Terima Saldo,SeaBank,"765,000",2024-08-30 12:08,Dari SHOPEE PAY,+
Bayar Hutang,SeaBank,"1,000,000",2024-08-30 12:08,,-
Kirim Saldo,BANK BNI,"700,000",2024-08-30 12:06,Ke SHOPEE PAY,-
Terima Saldo,SHOPEE PAY,"700,000",2024-08-30 12:06,Dari BANK BNI,+
Spay Later,BANK BRI,"377,700",2024-08-30 12:00,,-
Utang,BANK BNI,"81,000",2024-08-30 11:56,,-
Utang,BANK BNI,"721,639",2024-08-30 11:54,Spinjam Agustus,-
Kost,DOMPET,"600,000",2024-08-30 11:54,,-
Tambah Pinjaman,SeaBank,"100,000",2024-08-28 23:41,,-
Kirim Saldo,BANK BNI,"800,000",2024-08-27 19:01,Ke DOMPET,-
Terima Saldo,DOMPET,"800,000",2024-08-27 19:01,Dari BANK BNI,+
Makanan,DOMPET,"20,000",2024-08-27 18:56,,-
Belanja,BANK BNI,"103,000",2024-08-27 18:56,,-
Tagih Hutang,BANK BRI,"50,000",2024-08-27 12:05,,+
Tambah Pinjaman,SeaBank,"100,000",2024-08-26 22:37,,-
Tambah Pinjaman,BANK BNI,"50,000",2024-08-26 22:24,,-
Makanan,DOMPET,"15,000",2024-08-26 22:23,,-
Bensin,DOMPET,"100,000",2024-08-25 23:04,,-
Makanan,DOMPET,"100,000",2024-08-25 23:04,,-
Jajan,DOMPET,"30,000",2024-08-25 23:04,,-
Balance,DOMPET,"245,082",2024-08-25 23:04,Tamu Ke Rumah,-
Motor,DOMPET,"500,000",2024-08-25 23:03,Service 10000 KM,-
Makanan,DOMPET,"50,000",2024-08-25 23:03,Nangka,-
Kirim Saldo,SeaBank,"120,732",2024-08-25 23:01,Ke BANK BRI,-
Terima Saldo,BANK BRI,"120,732",2024-08-25 23:01,Dari SeaBank,+
Kirim Saldo,SeaBank,"377,082",2024-08-25 23:01,Ke DOMPET,-
Terima Saldo,DOMPET,"377,082",2024-08-25 23:01,Dari SeaBank,+
Tagih Hutang,BANK BRI,"92,000",2024-08-25 23:00,,+
Kirim Saldo,BANK BNI,"659,000",2024-08-25 22:57,Ke DOMPET,-
Terima Saldo,DOMPET,"659,000",2024-08-25 22:57,Dari BANK BNI,+
Kirim Saldo,SHOPEE PAY,"40,000",2024-08-25 22:57,Ke DOMPET,-
Terima Saldo,DOMPET,"40,000",2024-08-25 22:57,Dari SHOPEE PAY,+
Kirim Saldo,DOMPET,"100,000",2024-08-21 15:35,Ke SHOPEE PAY,-
Terima Saldo,SHOPEE PAY,"100,000",2024-08-21 15:35,Dari DOMPET,+
Belanja,BANK BNI,"103,800",2024-08-20 19:49,,-
Kuota Internet,BANK BRI,"26,000",2024-08-20 15:56,,-
Makanan,DOMPET,"100,000",2024-08-20 08:01,,-
Kirim Saldo,BANK BRI,"8,750",2024-08-20 07:59,Ke DOMPET,-
Terima Saldo,DOMPET,"8,750",2024-08-20 07:59,Dari BANK BRI,+
Kesehatan,SHOPEE PAY,"35,000",2024-08-20 07:57,Obat Merah Jerawat ,-
Kirim Saldo,BANK BNI,"996,081",2024-08-20 07:56,Ke DOMPET,-
Terima Saldo,DOMPET,"996,081",2024-08-20 07:56,Dari BANK BNI,+
Bensin,DOMPET,"150,000",2024-08-17 08:01,,-
Jajan,DOMPET,"238,831",2024-08-16 08:02,Agustusan ,-
Jajan,DOMPET,"150,000",2024-08-16 08:01,Jajan Dijalan,-
Adek,BANK BNI,"50,000",2024-08-15 09:54,Agustus an,-
Belanja,DOMPET,"250,000",2024-08-15 08:00,Belanja Sebelum Pulang Agustusan,-
Tambah Pinjaman,SHOPEE PAY,"42,000",2024-08-14 12:29,,-
Ayang,BANK BNI,"504,000",2024-08-14 08:27,Makan+Obat+AdminTF,-
Pekerjaan,BANK BNI,"2,500,000",2024-08-14 07:54,MTC big book,+
Jajan,DOMPET,"53,000",2024-08-11 15:33,,-
Bensin,DOMPET,"100,000",2024-08-11 15:32,,-
Makanan,DOMPET,"50,000",2024-08-11 15:32,,-
Kesehatan,SHOPEE PAY,"55,990",2024-08-11 15:31,Obat Isotrica Jerawat,-
Tagih Hutang,BANK BRI,"70,000",2024-08-11 15:29,,+
Permainan,BANK BNI,"150,000",2024-08-10 15:38,Ultah,-
Belanja,BANK BNI,"170,000",2024-08-10 15:37,Belanja Bulanan Prabot,-
Tambah Pinjaman,DOMPET,"120,000",2024-08-10 01:00,,-
Kirim Saldo,BANK BNI,"500,000",2024-08-09 17:58,Ke DOMPET,-
Terima Saldo,DOMPET,"500,000",2024-08-09 17:58,Dari BANK BNI,+
Makanan,DOMPET,"100,000",2024-08-09 17:58,Bakso,-
Kirim Saldo,BANK BRI,"116,304",2024-08-09 15:35,Ke BANK BNI,-
Terima Saldo,BANK BNI,"116,304",2024-08-09 15:35,Dari BANK BRI,+
Kirim Saldo,DOMPET,"180,000",2024-08-09 06:19,Ke SHOPEE PAY,-
Terima Saldo,SHOPEE PAY,"180,000",2024-08-09 06:19,Dari DOMPET,+
Makanan,DOMPET,"41,000",2024-08-09 06:19,,-
Tagih Hutang,BANK BRI,"20,000",2024-08-07 16:55,,+
Tambah Pinjaman,BANK BNI,"50,000",2024-08-07 14:42,,-
Kirim Saldo,DOMPET,"20,000",2024-08-05 20:11,Ke SHOPEE PAY,-
Terima Saldo,SHOPEE PAY,"20,000",2024-08-05 20:11,Dari DOMPET,+
Makanan,DOMPET,"30,000",2024-08-05 20:10,,-
Gaji Maxximum,BANK BNI,"6,500,000",2024-08-05 18:49,Gaji Bulan Juli 2024,+
Bensin,DOMPET,"50,000",2024-08-04 23:13,,-
Kesehatan,DOMPET,"12,000",2024-08-04 23:13,Rest Area Minuman Kratingdaeng ,-
Tambah Pinjaman,BANK BNI,"20,000",2024-08-04 23:12,,-
Rokok,DOMPET,"25,000",2024-08-03 23:13,,-
Kirim Saldo,GOPAY,"25,633",2024-08-03 17:14,Ke BANK BNI,-
Terima Saldo,BANK BNI,"25,633",2024-08-03 17:14,Dari GOPAY,+
Perabotan,BANK BNI,"1,291,800",2024-08-03 17:14,Monitor AOC 24 inch,-
Belanja,DOMPET,"160,000",2024-08-01 21:43,Belanja Bulanan,-
Makanan,DOMPET,"28,102",2024-08-01 21:43,,-
Kirim Saldo,SeaBank,"137,648",2024-08-01 21:41,Ke DOMPET,-
Terima Saldo,DOMPET,"137,648",2024-08-01 21:41,Dari SeaBank,+
Kirim Saldo,DOMPET,"47,804",2024-08-01 21:41,Ke BANK BRI,-
Terima Saldo,BANK BRI,"47,804",2024-08-01 21:41,Dari DOMPET,+
Listrik,DOMPET,"55,000",2024-08-01 21:38,,-
Kost,DOMPET,"50,000",2024-08-01 21:37,Iuran Bulanan,-
Adm Bank,BANK BNI,"27,344",2024-08-01 21:36,Juli 2024,-
Gaji Cempor,BANK BNI,"513,500",2024-08-01 21:35,Latsar - Film Pendek,+
Gaji Cempor,BANK BNI,"1,513,500",2024-08-01 21:35,Latsar - Film Pendek - Pendampingan,+
Gaji Cempor,BANK BNI,"753,500",2024-08-01 21:34,Latsar - Film Pendek - TM,+
Gaji Cempor,BANK BNI,"753,500",2024-08-01 21:33,CPPOB,+
Kirim Saldo,BANK BNI,"500,000",2024-08-01 21:21,Ke DOMPET,-
Terima Saldo,DOMPET,"500,000",2024-08-01 21:21,Dari BANK BNI,+
Bensin,DOMPET,"50,000",2024-07-31 21:42,,-
Minuman,DOMPET,"50,000",2024-07-31 21:42,,-
Bayar Hutang,BANK BNI,"200,000",2024-07-30 12:52,,-
Bayar Hutang,SeaBank,"1,000,000",2024-07-30 12:51,,-
Ayang,BANK BNI,"1,000,000",2024-07-30 12:50,,-
Kirim Saldo,BANK BRI,"800,000",2024-07-29 20:47,Ke DOMPET,-
Terima Saldo,DOMPET,"800,000",2024-07-29 20:47,Dari BANK BRI,+
Kost,DOMPET,"600,000",2024-07-29 20:46,Agustus 2024,-
Belanja,DOMPET,"30,000",2024-07-29 20:46,Telor,-
Minuman,DOMPET,"10,000",2024-07-29 20:46,,-
Bensin,DOMPET,"50,000",2024-07-29 15:31,,-
Makanan,DOMPET,"15,000",2024-07-29 15:31,Pagi,-
Jajan,DOMPET,"50,000",2024-07-28 15:00,Mixue Dll,-
Rokok,DOMPET,"20,000",2024-07-27 17:08,,-
Kesehatan,DOMPET,"20,000",2024-07-27 16:44,Pangkas Rambut,-
Utang,BANK BRI,"62,639",2024-07-27 13:33,Gopinjam September 2024,-
Utang,BANK BRI,"721,639",2024-07-27 13:29,Shopee Pinjam Laptop Bulan Agustus ,-
Spay Later,BANK BRI,"437,846",2024-07-27 13:27,Agustus 2024,-
Tagih Hutang,BANK BRI,"100,000",2024-07-26 16:15,,+
Jajan,DOMPET,"60,000",2024-07-26 13:17,Jajan yupi,-
Belanja,SeaBank,"56,000",2024-07-26 12:21,Type C To Jack 3.5,-
Makanan,DOMPET,"35,000",2024-07-26 12:07,Makan,-
Rokok,DOMPET,"35,000",2024-07-26 12:07,,-
Bensin,DOMPET,"50,000",2024-07-26 06:40,,-
Belanja,SeaBank,"225,000",2024-07-24 20:44,Jaket,-
Utang,BANK BNI,"100,000",2024-07-24 20:44,Cempor IDCARD,-
Makanan,DOMPET,"30,000",2024-07-23 21:09,Siang Malam,-
Adek,BANK BNI,"20,000",2024-07-22 18:46,Dana,-
Makanan,DOMPET,"20,000",2024-07-22 18:46,Makan Siang,-
Belanja,DOMPET,"75,000",2024-07-22 13:52,HVS Cempor + Jajan,-
Makanan,DOMPET,"45,000",2024-07-21 23:16,Nasi Magelang 2,-
Minuman,DOMPET,"60,000",2024-07-21 23:15,Lemon 2,-
Kirim Saldo,BANK BRI,"200,000",2024-07-21 23:02,Ke DOMPET,-
Terima Saldo,DOMPET,"200,000",2024-07-21 23:02,Dari BANK BRI,+
Bensin,DOMPET,"50,000",2024-07-21 23:02,Sukabumi ,-
Jajan,DOMPET,"70,000",2024-07-20 17:45,Bdg-Sukabumi,-
Kirim Saldo,BANK BNI,"500,000",2024-07-20 15:18,Ke DOMPET,-
Terima Saldo,DOMPET,"500,000",2024-07-20 15:18,Dari BANK BNI,+
Minuman,DOMPET,"10,000",2024-07-20 15:11,Jus Mangga,-
Motor,DOMPET,"15,000",2024-07-20 15:11,Cuci Motor,-
Makanan,DOMPET,"10,000",2024-07-20 11:25,Pagi,-
Belanja,DOMPET,"100,000",2024-07-19 22:50,Lainnya,-
Kesehatan,DOMPET,"400,000",2024-07-19 22:49,Makan Pas sakit,-
Bensin,DOMPET,"250,000",2024-07-19 22:49,,-
Rokok,DOMPET,"62,000",2024-07-19 22:49,,-
Listrik,DOMPET,"58,406",2024-07-19 22:48,Listrik,-
Kuota Internet,DOMPET,"100,000",2024-07-19 22:48,,-
Utang,DOMPET,"62,000",2024-07-19 22:47,Gopinjam Juli 2024,-
Utang,DOMPET,"81,490",2024-07-19 22:47,Goaylater Juli 2024,-
Kirim Saldo,GOPAY,"48,067",2024-07-19 22:35,Ke DOMPET,-
Terima Saldo,DOMPET,"48,067",2024-07-19 22:35,Dari GOPAY,+
Kirim Saldo,DOMPET,"9,000",2024-07-19 22:35,Ke SHOPEE PAY,-
Terima Saldo,SHOPEE PAY,"9,000",2024-07-19 22:35,Dari DOMPET,+
Kirim Saldo,BANK BNI,"1,130,485",2024-07-19 22:32,Ke DOMPET,-
Terima Saldo,DOMPET,"1,130,485",2024-07-19 22:32,Dari BANK BNI,+
Tambah Pinjaman,DOMPET,"100,000",2024-07-19 22:31,,-
Belanja,SeaBank,"140,650",2024-07-19 22:30,Kaos Polos 6Pcs,-
Belanja,SeaBank,"104,003",2024-07-19 22:30,Celana Dalam,-
Utang,SeaBank,"412,365",2024-07-19 22:29,Spinjam Wisuda Juli 2024,-
Kirim Saldo,BANK BNI,"2,187,050",2024-07-19 22:25,Ke BANK BRI,-
Terima Saldo,BANK BRI,"2,187,050",2024-07-19 22:25,Dari BANK BNI,+
Hutang,BANK BNI,"600,000",2024-07-10 22:21,Sakit,+
Ayang,BANK BNI,"500,000",2024-07-07 08:00,Amplop,-
Kesehatan,DOMPET,"20,000",2024-07-05 19:19,Pangkas rambut ,-
Bensin,DOMPET,"35,000",2024-07-05 19:19,,-
Makanan,DOMPET,"26,000",2024-07-05 19:19,10 Telor Omega,-
Motor,DOMPET,"15,000",2024-07-05 19:18,,-
Ayang,DOMPET,"115,000",2024-07-05 19:18,BSL3,-
Makanan,DOMPET,"60,000",2024-07-05 14:32,Soreang,-
Makanan,DOMPET,"20,000",2024-07-05 07:55,Makan Malam,-
Motor,BANK BNI,"700,000",2024-07-04 21:59,Helem + Jas Hujan,-
Jajan,DOMPET,"10,000",2024-07-04 14:31,Josu,-
Rokok,DOMPET,"15,000",2024-07-04 14:30,Coklat Extra,-
Makanan,DOMPET,"15,000",2024-07-04 13:58,Makan Siang,-
Gaji Maxximum,BANK BNI,"5,000,000",2024-07-04 10:07,Gaji Bulan Juni,+
Kuota Internet,GOPAY,"6,300",2024-07-03 23:57,Pulsa,-
Minuman,DOMPET,"15,000",2024-07-03 23:15,Netral,-
Bensin,DOMPET,"35,000",2024-07-03 21:57,,-
Hutang,SeaBank,"3,000,000",2024-07-03 21:33,,+
Makanan,DOMPET,"99,000",2024-06-30 21:39,4 Hari,-
Rokok,DOMPET,"50,000",2024-06-30 21:38,Twiz + Coklat extra + Jarum Coklat,-
Bensin,DOMPET,"100,000",2024-06-30 21:37,,-
Kirim Saldo,BANK BNI,"141,602",2024-06-30 21:35,Ke DOMPET,-
Terima Saldo,DOMPET,"141,602",2024-06-30 21:35,Dari BANK BNI,+
Rokok,DOMPET,"20,000",2024-06-28 19:46,Jarcok + Kopi,-
Makanan,DOMPET,"80,000",2024-06-28 19:45,Beberapa hari kebelakang ,-
Kost,DOMPET,"600,000",2024-06-28 19:42,Juni 2024,-
Kirim Saldo,BANK BNI,"1,000,000",2024-06-28 18:14,Ke DOMPET,-
Terima Saldo,DOMPET,"1,000,000",2024-06-28 18:14,Dari BANK BNI,+
Bensin,DOMPET,"50,000",2024-06-28 18:14,,-
Gaji Cempor,BANK BNI,"2,500,000",2024-06-28 08:21,Barbershop 2024,+
Makanan,DOMPET,"18,000",2024-06-28 08:03,Makan Sate,-
Utang,BANK BNI,"1,880,000",2024-06-27 22:10,SPinjam Juni 2024,-
Belanja,BANK BNI,"309,000",2024-06-27 17:22,Foto,-
Ayang,BANK BRI,"150,000",2024-06-27 06:37,Celana Hitam Bahan,-
Spay Later,BANK BNI,"272,000",2024-06-26 22:10,Juli 2024,-
Utang,BANK BNI,"63,000",2024-06-26 22:07,Go Pinjam Juli,-
Belanja,GOPAY,"28,000",2024-06-26 22:03,Bilibili bulanan,-
Belanja,GOPAY,"20,000",2024-06-26 22:03,Korset,-
Kesehatan,DOMPET,"35,000",2024-06-26 22:03,Cukur Gillette ,-
Dapur,DOMPET,"30,000",2024-06-26 22:03,Telor,-
Utang,BANK BNI,"82,000",2024-06-26 22:02,Goaylater ,-
Kirim Saldo,BANK BNI,"500,000",2024-06-26 06:59,Ke DOMPET,-
Terima Saldo,DOMPET,"500,000",2024-06-26 06:59,Dari BANK BNI,+
Minuman,DOMPET,"90,000",2024-06-25 22:04,API,-
Tagih Hutang,GOPAY,"128,000",2024-06-25 11:03,,+
Rokok,DOMPET,"40,000",2024-06-23 22:42,Twizz + Korek + Kratingdaeng ,-
Ayang,BANK BNI,"147,000",2024-06-23 18:49,Batik,-
Belanja,DOMPET,"65,000",2024-06-23 18:47,Meja Belajar,-
Belanja,DOMPET,"25,000",2024-06-22 23:29,,-
Rokok,DOMPET,"26,000",2024-06-22 23:29,Camel,-
Bensin,DOMPET,"20,000",2024-06-22 23:29,,-
Listrik,BANK BRI,"53,000",2024-06-22 23:23,,-
Kirim Saldo,BANK BNI,"200,000",2024-06-22 23:23,Ke DOMPET,-
Terima Saldo,DOMPET,"200,000",2024-06-22 23:23,Dari BANK BNI,+
Belanja,DOMPET,"60,000",2024-06-21 19:44,Whiteboard,-
Jajan,DOMPET,"70,000",2024-06-20 06:36,,-
Rokok,DOMPET,"15,000",2024-06-19 06:37,,-
Jajan,DOMPET,"29,150",2024-06-18 07:47,Pulang je cianjur ,-
Jajan,DOMPET,"84,000",2024-06-18 07:46,Berangkat ke Sukabumi ,-
Jajan,GOPAY,"18,276",2024-06-18 07:44,,-
Kirim Saldo,BANK BRI,"199,650",2024-06-18 07:43,Ke DOMPET,-
Terima Saldo,DOMPET,"199,650",2024-06-18 07:43,Dari BANK BRI,+
Kirim Saldo,BANK BRI,"48,850",2024-06-18 07:42,Ke BANK BNI,-
Terima Saldo,BANK BNI,"48,850",2024-06-18 07:42,Dari BANK BRI,+
Tagih Hutang,DOMPET,"79,500",2024-06-18 07:41,,+
Belanja,DOMPET,"35,000",2024-06-15 18:15,Belanja bulanan,-
Tagih Hutang,BANK BRI,"170,500",2024-06-15 16:28,,+
Bensin,DOMPET,"100,000",2024-06-15 07:46,,-
Kirim Saldo,BANK BNI,"50,000",2024-06-14 12:46,Ke DOMPET,-
Terima Saldo,DOMPET,"50,000",2024-06-14 12:46,Dari BANK BNI,+
Makanan,DOMPET,"20,000",2024-06-14 12:46,Makan Siang,-
Jajan,DOMPET,"49,000",2024-06-13 20:59,Balance,-
Bensin,DOMPET,"56,000",2024-06-13 20:48,,-
Motor,DOMPET,"150,000",2024-06-13 13:19,Service bulanan + shock depan,-
Makanan,DOMPET,"12,000",2024-06-13 10:31,Makan Pagi,-
Belanja,BANK BNI,"70,000",2024-06-13 09:52,Pakaian,-
Kirim Saldo,BANK BNI,"250,000",2024-06-13 09:51,Ke DOMPET,-
Terima Saldo,DOMPET,"250,000",2024-06-13 09:51,Dari BANK BNI,+
Makanan,DOMPET,"14,000",2024-06-11 20:13,Makan Malam,-
Kuota Internet,BANK BNI,"50,000",2024-06-11 15:19,,-
Tagih Hutang,BANK BNI,"600,000",2024-06-10 21:27,,+
Makanan,DOMPET,"13,000",2024-06-10 12:30,Makan siang,-
Utang,BANK BNI,"236,219",2024-06-10 08:22,Gopinjam Bulan Juni,-
Tambah Pinjaman,BANK BNI,"100,000",2024-06-09 16:43,Riafli,-
Jajan,DOMPET,"20,000",2024-06-09 08:19,,-
Jajan,DOMPET,"34,000",2024-06-09 08:19,Jajan Sukabumi ,-
Bensin,DOMPET,"45,000",2024-06-09 08:18,,-
Beri Pinjaman,BANK BNI,"600,000",2024-06-08 14:49,,-
Jajan,DOMPET,"50,000",2024-06-08 13:03,Hilang,-
Makanan,DOMPET,"60,000",2024-06-08 13:03,Pindang+ jajan,-
Kirim Saldo,BANK BNI,"250,000",2024-06-08 13:02,Ke DOMPET,-
Terima Saldo,DOMPET,"250,000",2024-06-08 13:02,Dari BANK BNI,+
Biaya Admin,BANK BNI,"5,000",2024-06-08 13:02,Biaya Admin,-
Adek,DOMPET,"100,000",2024-06-08 11:33,Graduasi,-
Tambah Pinjaman,BANK BNI,"48,000",2024-06-08 10:01,Casan HP,-
Kirim Saldo,BANK BNI,"200,000",2024-06-08 07:34,Ke DOMPET,-
Terima Saldo,DOMPET,"200,000",2024-06-08 07:34,Dari BANK BNI,+
Biaya Admin,BANK BNI,"3,000",2024-06-08 07:34,Biaya Admin,-
Kirim Saldo,BANK BNI,"300,000",2024-06-08 07:33,Ke BANK BRI,-
Terima Saldo,BANK BRI,"300,000",2024-06-08 07:33,Dari BANK BNI,+
Biaya Admin,BANK BNI,"3,000",2024-06-08 07:33,Biaya Admin,-
Jajan,DOMPET,"45,000",2024-06-07 19:00,Seblak,-
Transfer Amplop,DOMPET,"50,000",2024-06-07 16:08,Tazkiah Ima,-
Rokok,DOMPET,"26,000",2024-06-07 16:06,Magnum 1bks,-
Bensin,DOMPET,"51,000",2024-06-07 16:06,,-
Makanan,DOMPET,"15,000",2024-06-07 11:47,Makan Pagi,-
Jajan,DOMPET,"50,000",2024-06-07 11:47,Alfa sebelum pulang ,-
Tambah Pinjaman,BANK BNI,"10,000",2024-06-06 22:23,Masih penasaran lagi,-
Tambah Pinjaman,BANK BNI,"10,000",2024-06-06 22:08,Penasaran ,-
Tambah Pinjaman,BANK BNI,"20,000",2024-06-06 21:36,Gambling ,-
Tambah Pinjaman,DOMPET,"30,000",2024-06-06 21:33,Kembalikan tgl 25,-
Kirim Saldo,SeaBank,"50,000",2024-06-06 20:42,Ke GOPAY,-
Terima Saldo,GOPAY,"50,000",2024-06-06 20:42,Dari SeaBank,+
Kuota Internet,GOPAY,"35,000",2024-06-06 20:42,Telkomsel ,-
Jajan,DOMPET,"20,000",2024-06-05 22:59,,-
Kirim Saldo,BANK BRI,"300,000",2024-06-05 18:13,Ke DOMPET,-
Terima Saldo,DOMPET,"300,000",2024-06-05 18:13,Dari BANK BRI,+
Gaji Maxximum,BANK BNI,"5,000,000",2024-06-05 18:07,Gaji Bulan Mei 2024,+
Jajan,DOMPET,"9,000",2024-06-04 22:00,,-
Kirim Saldo,DOMPET,"100,000",2024-06-04 20:00,Ke BANK BRI,-
Terima Saldo,BANK BRI,"100,000",2024-06-04 20:00,Dari DOMPET,+
Minuman,DOMPET,"18,000",2024-06-04 18:25,Stroberi ,-
Jajan,DOMPET,"10,000",2024-06-04 17:47,Baso bakar,-
Kesehatan,DOMPET,"5,000",2024-06-04 12:25,Sanmol 2,-
Makanan,DOMPET,"12,000",2024-06-04 12:25,Makan Siang,-
Tagih Hutang,BANK BRI,"50,000",2024-06-04 12:25,,+
Adek,BANK BNI,"57,500",2024-06-04 11:36,Buket,-
Listrik,BANK BNI,"57,000",2024-06-04 10:27,Rumah Bulan Mei 2024,-
Makanan,DOMPET,"11,000",2024-06-03 12:30,Makan Siang,-
Tambah Pinjaman,BANK BNI,"180,000",2024-06-03 10:38,,-
Balance,BANK BNI,"12,893",2024-06-03 08:17,,-
Tambah Pinjaman,BANK BNI,"20,000",2024-06-03 08:13,,-
Bensin,DOMPET,"45,000",2024-06-02 19:00,,-
Jajan,SeaBank,"45,000",2024-06-02 15:00,Mixue,-
Jajan,DOMPET,"49,000",2024-06-02 14:00,Alun alun cianjur,-
Tagih Hutang,BANK BRI,"20,000",2024-06-01 18:45,,+
Kirim Saldo,BANK BNI,"200,000",2024-06-01 12:32,Ke DOMPET,-
Terima Saldo,DOMPET,"200,000",2024-06-01 12:32,Dari BANK BNI,+
Kirim Saldo,BANK BNI,"11,028",2024-06-01 09:17,Ke SeaBank,-
Terima Saldo,SeaBank,"11,028",2024-06-01 09:17,Dari BANK BNI,+
Kirim Saldo,BANK BNI,"76,000",2024-06-01 09:16,Ke DOMPET,-
Terima Saldo,DOMPET,"76,000",2024-06-01 09:16,Dari BANK BNI,+
Kirim Saldo,BANK BRI,"3,933",2024-06-01 09:11,Ke GOPAY,-
Terima Saldo,GOPAY,"3,933",2024-06-01 09:11,Dari BANK BRI,+
Utang,GOPAY,"21,732",2024-06-01 08:16,Goaylater,-
Adm Bank,BANK BNI,"18,500",2024-06-01 00:00,Bulan Mei,-
Makanan,DOMPET,"15,000",2024-05-31 23:00,Makan malam Nasi Goreng,-
Jajan,DOMPET,"10,000",2024-05-31 23:00,Josu dll,-
Bensin,DOMPET,"50,000",2024-05-31 18:30,,-
Tambah Pinjaman,SeaBank,"10,000",2024-05-31 16:56,,-
Makanan,DOMPET,"15,000",2024-05-31 12:27,Makan siang,-
Utang,SHOPEE PAY,"5,122,063",2024-05-31 12:05,Spinjam Juni 2024,-
Kirim Saldo,BANK BRI,"3,109,000",2024-05-31 10:29,Ke SHOPEE PAY,-
Terima Saldo,SHOPEE PAY,"3,109,000",2024-05-31 10:29,Dari BANK BRI,+
Biaya Admin,BANK BRI,"1,000",2024-05-31 10:29,Biaya Admin,-
Kirim Saldo,BANK BNI,"1,010,000",2024-05-31 10:28,Ke SHOPEE PAY,-
Terima Saldo,SHOPEE PAY,"1,010,000",2024-05-31 10:28,Dari BANK BNI,+
Biaya Admin,BANK BNI,"1,000",2024-05-31 10:28,Biaya Admin,-
Kirim Saldo,SeaBank,"1,000,000",2024-05-31 10:26,Ke SHOPEE PAY,-
Terima Saldo,SHOPEE PAY,"1,000,000",2024-05-31 10:26,Dari SeaBank,+
Kiriman,BANK BRI,"3,000,000",2024-05-31 10:25,Bayar Motor,+
Makanan,DOMPET,"15,000",2024-05-31 08:00,Makan Pagi,-
Belanja,BANK BNI,"35,000",2024-05-31 08:00,Netflix 1 bln,-
Tambah Pinjaman,BANK BNI,"20,000",2024-05-31 00:44,Biasaaa,-
Kirim Saldo,DOMPET,"20,000",2024-05-30 12:23,Ke SHOPEE PAY,-
Terima Saldo,SHOPEE PAY,"20,000",2024-05-30 12:23,Dari DOMPET,+
Makanan,DOMPET,"12,000",2024-05-30 12:00,Makan siang,-
Rokok,DOMPET,"16,000",2024-05-30 12:00,76 Mangga,-
Jajan,DOMPET,"63,000",2024-05-30 12:00,Jajan,-
Kirim Saldo,SHOPEE PAY,"60,000",2024-05-29 19:38,Ke SeaBank,-
Terima Saldo,SeaBank,"60,000",2024-05-29 19:38,Dari SHOPEE PAY,+
Gaji Cempor,BANK BNI,"1,011,000",2024-05-29 19:36,Latsar - Fotografi - Pendampingan,+
Kirim Saldo,DOMPET,"50,000",2024-05-29 19:30,Ke BANK BNI,-
Terima Saldo,BANK BNI,"50,000",2024-05-29 19:30,Dari DOMPET,+
Minuman,DOMPET,"10,000",2024-05-29 19:30,Minuman,-
Kirim Saldo,DOMPET,"30,000",2024-05-29 19:29,Ke BANK BRI,-
Terima Saldo,BANK BRI,"30,000",2024-05-29 19:29,Dari DOMPET,+
Spay Later,SeaBank,"32,000",2024-05-29 13:14,Bulan Mei,-
Kost,BANK BNI,"600,000",2024-05-28 20:00,Kost Bulan Juni 2024,-
Pendidikan,DOMPET,"30,000",2024-05-28 19:31,Fotocopy cempor ,-
Kirim Saldo,BANK BNI,"50,000",2024-05-27 21:01,Ke SHOPEE PAY,-
Terima Saldo,SHOPEE PAY,"50,000",2024-05-27 21:01,Dari BANK BNI,+
Biaya Admin,BANK BNI,"1,000",2024-05-27 21:01,Biaya Admin,-
Makanan,DOMPET,"7,000",2024-05-27 20:56,Mie 2 dan lain lain,-
Jajan,DOMPET,"20,000",2024-05-27 20:51,Sari,-
Makanan,DOMPET,"12,000",2024-05-27 12:00,Makan Siang,-
Jajan,DOMPET,"10,000",2024-05-27 08:00,Jamur Krispi,-
Belanja,DOMPET,"65,000",2024-05-26 13:00,Jajan Popcorn,-
Bensin,DOMPET,"45,000",2024-05-26 10:00,Cibeber,-
Ayang,DOMPET,"2,350,000",2024-05-25 20:44,Cincin Emas 2.5 gr,-
Tagih Hutang,BANK BRI,"20,000",2024-05-25 20:42,,+
Beri Pinjaman,BANK BNI,"62,000",2024-05-25 10:02,Bayar Shopee,-
Belanja,BANK BNI,"100,000",2024-05-25 10:01,TWS Thinkpad,-
Beri Pinjaman,SeaBank,"20,000",2024-05-25 02:15,,-
Kirim Saldo,BANK BRI,"200,000",2024-05-24 13:07,Ke DOMPET,-
Terima Saldo,DOMPET,"200,000",2024-05-24 13:07,Dari BANK BRI,+
Jajan,DOMPET,"20,000",2024-05-24 13:07,,-
Belanja,DOMPET,"256,000",2024-05-23 20:46,Lampu Philips 3 + lain lain,-
Ortu,DOMPET,"250,000",2024-05-23 20:41,Gaji Mei,-
Jajan,DOMPET,"10,000",2024-05-23 20:21,Kratingdaeng ,-
Adek,DOMPET,"50,000",2024-05-23 18:51,,-
Kirim Saldo,SeaBank,"3,000,000",2024-05-23 16:33,Ke DOMPET,-
Terima Saldo,DOMPET,"3,000,000",2024-05-23 16:33,Dari SeaBank,+
Bensin,DOMPET,"45,000",2024-05-23 16:22,Sukabumi -> Mekarwangi ,-
Jajan,DOMPET,"65,000",2024-05-23 16:22,Nonton Anchika,-
Belanja,SHOPEE PAY,"40,000",2024-05-22 19:36,Popcorn 3,-
Kesehatan,DOMPET,"15,000",2024-05-22 19:35,Pangkas rambut ,-
Tagih Hutang,SHOPEE PAY,"50,000",2024-05-22 19:35,,+
Jajan,DOMPET,"10,000",2024-05-22 15:00,Rujak Buah,-
Makanan,DOMPET,"12,000",2024-05-22 12:44,Makan siang,-
Dapur,DOMPET,"4,000",2024-05-22 12:43,Downi,-
Elektronik,DOMPET,"20,000",2024-05-21 20:43,Lem Korea,-
Makanan,DOMPET,"13,000",2024-05-21 20:23,Makan Malam,-
Makanan,DOMPET,"11,000",2024-05-21 12:41,Makan Siang,-
Jajan,DOMPET,"22,000",2024-05-21 12:41,Potabee + Kopiko,-
Motor,DOMPET,"4,000",2024-05-21 12:40,Parkir,-
Pendidikan,DOMPET,"5,000",2024-05-21 12:40,Fotocopy Ijazah DLL,-
Minuman,BANK BRI,"15,000",2024-05-20 22:14,Belikopi,-
Kirim Saldo,BANK BNI,"300,500",2024-05-20 22:13,Ke BANK BRI,-
Terima Saldo,BANK BRI,"300,500",2024-05-20 22:13,Dari BANK BNI,+
Kirim Saldo,DOMPET,"78,000",2024-05-20 22:08,Ke BANK BRI,-
Terima Saldo,BANK BRI,"78,000",2024-05-20 22:08,Dari DOMPET,+
Tambah Pinjaman,SeaBank,"10,000",2024-05-20 22:04,Token listrik ,-
Kirim Saldo,BANK BNI,"500,000",2024-05-20 21:56,Ke DOMPET,-
Terima Saldo,DOMPET,"500,000",2024-05-20 21:56,Dari BANK BNI,+
Bensin,DOMPET,"52,000",2024-05-20 21:56,,-
Elektronik,SeaBank,"11,000",2024-05-20 20:55,Pulsa 10k,-
Rokok,DOMPET,"16,000",2024-05-20 12:40,Jarum Coklat ,-
Minuman,DOMPET,"4,000",2024-05-20 12:40,Josu,-
Makanan,DOMPET,"11,000",2024-05-20 12:39,Makan siang,-
Beri Pinjaman,SeaBank,"40,000",2024-05-20 08:29,,-
Kirim Saldo,BANK BNI,"50,000",2024-05-19 22:18,Ke BANK BRI,-
Terima Saldo,BANK BRI,"50,000",2024-05-19 22:18,Dari BANK BNI,+
Biaya Admin,BANK BNI,"2,500",2024-05-19 22:18,Biaya Admin,-
Belanja,DOMPET,"41,000",2024-05-19 22:15,Indomaret Pas pulang dari wisata,-
Jajan,DOMPET,"23,000",2024-05-19 22:15,Cilok di wisata ,-
Belanja,DOMPET,"45,000",2024-05-19 22:14,Indomaret Pagi pas datang ke ela,-
Bensin,DOMPET,"50,000",2024-05-19 07:00,Bandung -> Sukabumi,-
Minuman,DOMPET,"7,000",2024-05-18 16:04,Es teh,-
Dapur,DOMPET,"19,000",2024-05-18 16:04,Misting ,-
Makanan,DOMPET,"22,000",2024-05-18 16:04,Makarel 2,-
Belanja,DOMPET,"70,000",2024-05-18 16:03,Termos+Misting,-
Makanan,DOMPET,"25,000",2024-05-18 16:03,Blaltos cari figura ,-
Belanja,DOMPET,"12,000",2024-05-18 16:02,Foto 2R x 5,-
Belanja,DOMPET,"15,000",2024-05-18 16:02,Parkir ,-
Belanja,DOMPET,"40,000",2024-05-18 16:01,Figura 2R 2,-
Makanan,DOMPET,"18,000",2024-05-18 01:02,Sate + Lontong 3,-
Kirim Saldo,BANK BNI,"11,000",2024-05-18 01:02,Ke GOPAY,-
Terima Saldo,GOPAY,"11,000",2024-05-18 01:02,Dari BANK BNI,+
Gaji Cempor,BANK BNI,"753,500",2024-05-17 20:50,Latsar - Fotografi - TM,+
Gaji Cempor,BANK BNI,"1,008,500",2024-05-17 20:50,Latsar - Fotografi,+
Dapur,DOMPET,"5,000",2024-05-17 20:48,Mama Lemon,-
Rokok,DOMPET,"13,500",2024-05-17 20:48,Saat,-
Kirim Saldo,DOMPET,"22,500",2024-05-17 20:46,Ke BANK BNI,-
Terima Saldo,BANK BNI,"22,500",2024-05-17 20:46,Dari DOMPET,+
Makanan,DOMPET,"16,000",2024-05-17 20:43,Makan,-
Kirim Saldo,BANK BNI,"500,000",2024-05-17 20:36,Ke DOMPET,-
Terima Saldo,DOMPET,"500,000",2024-05-17 20:36,Dari BANK BNI,+
Jajan,DOMPET,"23,000",2024-05-17 15:00,Soreang Bandung jajan,-
Adek,DOMPET,"50,000",2024-05-16 23:00,Pulsa Telkomsel ,-
Makanan,DOMPET,"16,000",2024-05-16 20:44,Makan,-
Minuman,DOMPET,"7,000",2024-05-16 20:44,Josu,-
Transfer Amplop,BANK BNI,"150,000",2024-05-15 14:14,Uang haol Assaadah,-
Jajan,SeaBank,"50,000",2024-05-14 20:12,Wizzmie ,-
Makanan,DOMPET,"10,000",2024-05-14 18:33,Makan Pagi,-
Makanan,DOMPET,"10,000",2024-05-14 18:33,Makan Siang,-
Jajan,DOMPET,"7,000",2024-05-14 18:33,Josu 2,-
Kirim Saldo,SeaBank,"500,000",2024-05-14 15:46,Ke BANK BNI,-
Terima Saldo,BANK BNI,"500,000",2024-05-14 15:46,Dari SeaBank,+
Utang,GOPAY,"238,000",2024-05-14 15:34,Go Pinjam Juni 2024,-
Kirim Saldo,SeaBank,"200,000",2024-05-14 15:22,Ke GOPAY,-
Terima Saldo,GOPAY,"200,000",2024-05-14 15:22,Dari SeaBank,+
Biaya Admin,SeaBank,"1,000",2024-05-14 15:22,Biaya Admin,-
Spay Later,SeaBank,"1,500,000",2024-05-14 14:43,Shopee pay later Juni 2024,-
Gaji Cempor,BANK BNI,"1,000,000",2024-05-14 14:23,Latsar - Digital Marketing - Pendampingan,+
Rokok,DOMPET,"15,000",2024-05-12 21:43,Djarum Coklat,-
Dapur,DOMPET,"5,000",2024-05-12 21:42,,-
Balance,SeaBank,"9,928",2024-05-11 14:17,,-
Rokok,BANK BRI,"28,000",2024-05-11 14:06,Jazy bold ,-
Listrik,SeaBank,"53,000",2024-05-11 14:01,Listrik kost,-
Jajan,DOMPET,"50,000",2024-05-10 20:00,Di kafe,-
Jajan,DOMPET,"18,500",2024-05-10 14:16,UC 1000 2,-
Kirim Saldo,SHOPEE PAY,"258,500",2024-05-10 14:13,Ke SeaBank,-
Terima Saldo,SeaBank,"258,500",2024-05-10 14:13,Dari SHOPEE PAY,+
Kirim Saldo,BANK BNI,"3,230,000",2024-05-10 14:09,Ke SeaBank,-
Terima Saldo,SeaBank,"3,230,000",2024-05-10 14:09,Dari BANK BNI,+
Makanan,DOMPET,"14,000",2024-05-10 08:40,Makan pagi,-
Kuota Internet,SHOPEE PAY,"100,000",2024-05-10 07:40,90 GB,-
Makanan,DOMPET,"20,000",2024-05-10 00:00,Nasi goreng ,-
Rokok,DOMPET,"23,500",2024-05-09 18:14,Saat Hijau,-
Jajan,DOMPET,"10,000",2024-05-09 18:14,Chitato BBQ,-
Belanja,SHOPEE PAY,"35,000",2024-05-09 10:49,bevavar mainan keseimbangan ,-
Kesehatan,SHOPEE PAY,"10,000",2024-05-09 10:04,Sabun Mandi,-
Kesehatan,SHOPEE PAY,"34,000",2024-05-09 10:03,Shampo,-
Dapur,SHOPEE PAY,"4,500",2024-05-09 10:02,Garam,-
Kesehatan,SHOPEE PAY,"24,000",2024-05-09 10:02,Pastagigi,-
Dapur,SHOPEE PAY,"25,000",2024-05-09 10:01,Telor 10 Butir,-
Dapur,SHOPEE PAY,"9,000",2024-05-09 10:01,Terasi,-
Kirim Saldo,BANK BNI,"500,000",2024-05-09 09:47,Ke SHOPEE PAY,-
Terima Saldo,SHOPEE PAY,"500,000",2024-05-09 09:47,Dari BANK BNI,+
Biaya Admin,BANK BNI,"1,000",2024-05-09 09:47,Biaya Admin,-
Belanja,DOMPET,"2,000",2024-05-08 08:00,Bayar Parkir Sultan Print,-
Rokok,DOMPET,"15,000",2024-05-07 08:30,Juara jambu ,-
Listrik,GOPAY,"53,000",2024-05-06 12:14,Rumah Bulan April 2024,-
Kirim Saldo,BANK BNI,"100,000",2024-05-06 12:12,Ke GOPAY,-
Terima Saldo,GOPAY,"100,000",2024-05-06 12:12,Dari BANK BNI,+
Biaya Admin,BANK BNI,"1,000",2024-05-06 12:12,Biaya Admin,-
Jajan,BANK BNI,"50,000",2024-05-06 12:02,THR Sari Ke 2,-
Rokok,DOMPET,"15,000",2024-05-06 12:01,76 Mangga,-
Jajan,DOMPET,"10,000",2024-05-06 07:52,Telur Gulung ,-
Kirim Saldo,BANK BNI,"500,000",2024-05-05 21:10,Ke DOMPET,-
Terima Saldo,DOMPET,"500,000",2024-05-05 21:10,Dari BANK BNI,+
Bensin,DOMPET,"50,000",2024-05-05 18:00,Sukabumi -> Bandung ,-
Makanan,DOMPET,"20,000",2024-05-05 16:30,Ayam pulang dari bukit baros ,-
Belanja,DOMPET,"24,000",2024-05-05 16:00,Jas hujan pulang dari bukit baros,-
Belanja,DOMPET,"27,000",2024-05-05 15:00,Haus Pukang dari bukit baros alfa,-
Tiket,DOMPET,"30,000",2024-05-05 11:30,Wisata Bukit Baros x2,-
Belanja,DOMPET,"90,000",2024-05-05 09:00,Yomart Minggu Payung dll,-
Belanja,SeaBank,"100,000",2024-05-04 12:45,Boneka Lotso ,-
Kirim Saldo,BANK BNI,"1,000,000",2024-05-04 12:30,Ke SeaBank,-
Terima Saldo,SeaBank,"1,000,000",2024-05-04 12:30,Dari BANK BNI,+
Biaya Admin,BANK BNI,"1,000",2024-05-04 12:30,Biaya Admin,-
Gaji Maxximum,BANK BNI,"5,369,318",2024-05-04 10:59,Gaji April 2024,+
Balance,DOMPET,"729,543",2024-04-30 11:12,,-
Balance,SHOPEE PAY,"14,781",2024-04-30 11:11,,-
Balance,BANK BNI,"17,427,608",2024-04-30 11:10,,-
Saldo Awal,SeaBank,"2,186,110",2024-04-30 11:06,,+
Gaji Maxximum,BANK BNI,"5,472,000",2024-04-05 10:58,Gaji Maret 2024,+
Balance,BANK BRI,"161,000",2024-04-01 14:18,,-
Kirim Saldo,DOMPET,"604,457",2024-04-01 11:10,Ke BANK BRI,-
Terima Saldo,BANK BRI,"604,457",2024-04-01 11:10,Dari DOMPET,+
Gaji Maxximum,BANK BNI,"4,890,625",2024-03-05 10:57,Gaji Februari 2024,+
Gaji Maxximum,BANK BNI,"3,750,000",2024-02-05 10:56,Gaji Januari 2024,+
Gaji Maxximum,BANK BNI,"3,400,000",2024-01-05 10:55,Gaji Desember 2023,+
Balance,SeaBank,"44,866",2023-01-01 20:47,,-
Kuota Internet,BANK BRI,"150,000",2021-11-08 15:03,75gb byu,-
Balance,SHOPEE PAY,"23,690",2021-11-08 15:02,,-
Balance,BANK BRI,"150,593",2021-11-08 15:01,,-
Kirim Saldo,BANK BRI,"50,000",2021-11-08 14:59,Ke DOMPET,-
Terima Saldo,DOMPET,"50,000",2021-11-08 14:59,Dari BANK BRI,+
Tagih Hutang,BANK BRI,"5,000",2021-11-03 21:05,Cash,+
Tagih Hutang,SHOPEE PAY,"5,000",2021-10-28 10:10,Mizone,+
Kuota Internet,SHOPEE PAY,"10,000",2021-10-28 10:10,Kuota,-
Belanja,DOMPET,"5,000",2021-10-26 22:51,,-
Tagih Hutang,DOMPET,"5,000",2021-10-26 22:50,,+
Tambah Pinjaman,SHOPEE PAY,"7,500",2021-10-26 15:33,Pinjem,-
Beri Pinjaman,SHOPEE PAY,"7,500",2021-10-26 01:48,kuota,-
Makanan,DOMPET,"30,000",2021-10-24 19:06,Gorengan + magnum,-
Kuota Internet,BANK BRI,"10,000",2021-10-24 19:06,,-
Kuota Internet,BANK BRI,"15,000",2021-10-24 17:10,,-
Dapur,DOMPET,"20,000",2021-10-23 19:37,Galon + bensin,-
Kirim Saldo,BANK BRI,"150,000",2021-10-23 18:45,Ke DOMPET,-
Terima Saldo,DOMPET,"150,000",2021-10-23 18:45,Dari BANK BRI,+
Dapur,DOMPET,"120,000",2021-10-23 18:45,"Beras. Stok Mie, Dll",-
Kuota Internet,BANK BRI,"10,000",2021-10-22 22:05,10gb,-
Spay Later,BANK BRI,"88,904",2021-10-22 21:05,TWS,-
Tagih Hutang,BANK BRI,"10,000",2021-10-22 20:50,Tf 100k to bri via dana,+
Tagih Hutang,BANK BRI,"10,000",2021-10-22 20:50,Tf 100k to bri via dana,+
Tagih Hutang,BANK BRI,"15,000",2021-10-22 20:50,Tf 100k to bri via dana,+
Tagih Hutang,BANK BRI,"55,000",2021-10-22 20:50,Tf 100k to bri via dana,+
Tagih Hutang,BANK BRI,"10,000",2021-10-22 20:49,Tf 100k to bri via dana,+
Belanja,DOMPET,"10,000",2021-10-22 19:21,La ice,-
Tagih Hutang,DOMPET,"40,000",2021-10-22 19:20,+La Ice,+
Tagih Hutang,BANK BRI,"50,000",2021-10-22 18:15,Tf via dana,+
Makanan,DOMPET,"12,000",2021-10-22 07:20,Mie 4*3 + 1 gorengan sarimi isi 2,-
Pendidikan,SHOPEE PAY,"963,000",2021-10-21 20:54,Cashback 48rb wkwk,-
Makanan,DOMPET,"15,000",2021-10-21 13:41,Cicken,-
Kirim Saldo,BANK BRI,"20,000",2021-10-20 17:55,Ke SHOPEE PAY,-
Terima Saldo,SHOPEE PAY,"20,000",2021-10-20 17:55,Dari BANK BRI,+
Tagih Hutang,BANK BRI,"20,000",2021-10-20 17:53,Cashback,+
Beri Pinjaman,BANK BRI,"125,000",2021-10-20 17:48,"Shopee pay 75, Dana 50",-
Dapur,DOMPET,"75,000",2021-10-20 17:41,Tisu. Gula. makan ringan minuman. makan gorengan,-
Balance,BANK BRI,"58,997",2021-10-20 16:28,Balance,-
Balance,DOMPET,"99,130",2021-10-20 16:26,Taubat wkwkw,-
Listrik,BANK BRI,"54,592",2021-10-20 16:23,Kontrakan,-
Kirim Saldo,BANK BRI,"150,000",2021-10-20 16:20,Ke DOMPET,-
Terima Saldo,DOMPET,"150,000",2021-10-20 16:20,Dari BANK BRI,+
Tagih Hutang,BANK BRI,"500,000",2021-10-20 16:17,Bayar,+
Kirim Saldo,BANK BRI,"1,000,000",2021-10-19 16:25,Ke SHOPEE PAY,-
Terima Saldo,SHOPEE PAY,"1,000,000",2021-10-19 16:25,Dari BANK BRI,+
Biaya Admin,BANK BRI,500,2021-10-19 16:25,Biaya Admin,-
Lainnya,BANK BRI,"1,500,000",2021-10-16 16:23,Mamah,+
Elektronik,BANK BRI,"15,000",2021-10-12 19:16,Tf ai 3gb,-
Belanja,DOMPET,"20,000",2021-10-12 17:07,Belanja Dapur,-
Perabotan,DOMPET,"8,000",2021-10-12 17:05,Bayar RT,-
Belanja,DOMPET,"16,000",2021-10-11 17:03,Sate + Magnum,-
Elektronik,BANK BRI,"100,000",2021-10-11 09:41,Kuota 50GB,-
Beri Pinjaman,BANK BRI,"10,000",2021-10-10 17:59,Ngilu ngirim tf ka dana,-
Belanja,DOMPET,"7,700",2021-10-10 15:11,Sabun cuci pakaian,-
Dapur,DOMPET,"17,000",2021-10-10 13:08,Tahu jengkol asin,-
Tagih Hutang,DOMPET,"20,000",2021-10-10 13:04,,+
Tagih Hutang,DOMPET,"7,700",2021-10-09 21:10,Sabun cuci baju,+
Kirim Saldo,BANK BRI,"13,630",2021-10-09 18:50,Ke DOMPET,-
Terima Saldo,DOMPET,"13,630",2021-10-09 18:50,Dari BANK BRI,+
Makanan,DOMPET,"10,000",2021-10-09 18:49,Susu kental manis,-
Dapur,DOMPET,"8,500",2021-10-09 18:48,Micin,-
Belanja,DOMPET,"5,000",2021-10-09 18:47,Sabun mandi,-
Belanja,DOMPET,"10,000",2021-10-09 18:47,Gilete 2,-
Minuman,DOMPET,"9,000",2021-10-09 18:46,Jahe merah gs,-
Dapur,DOMPET,"64,000",2021-10-09 18:45,Beras raja 5kg,-
Tagih Hutang,BANK BRI,"27,300",2021-10-09 18:35,Bayar tambah,+
Elektronik,BANK BRI,"55,000",2021-10-09 18:30,Tempret glass,-
Kirim Saldo,BANK BRI,"150,000",2021-10-09 18:29,Ke DOMPET,-
Terima Saldo,DOMPET,"150,000",2021-10-09 18:29,Dari BANK BRI,+
Beri Pinjaman,BANK BRI,"55,000",2021-10-09 17:45,Tempret Glass,-
Tagih Hutang,BANK BRI,"200,000",2021-10-09 17:29,Bayar dulu wkwk,+
Makanan,DOMPET,"15,000",2021-10-09 14:31,Mie Ayam,-
Kirim Saldo,BANK BRI,"50,000",2021-10-09 14:30,Ke DOMPET,-
Terima Saldo,DOMPET,"50,000",2021-10-09 14:30,Dari BANK BRI,+
Biaya Admin,BANK BRI,"6,500",2021-10-09 14:30,Biaya Admin,-
Beri Pinjaman,BANK BRI,"252,843",2021-10-09 14:28,Bayar wifi,-
Makanan,DOMPET,"50,000",2021-10-08 20:29,Mizon. roti bakar. Magnum dll,-
Makanan,DOMPET,"62,000",2021-10-07 21:00,"Makanan Roti bakar, Mizone, Magnum, Dll",-
Elektronik,BANK BRI,"10,000",2021-10-06 10:10,ByU 10Gb,-
Belanja,BANK BRI,"146,698",2021-10-06 08:55,S Pay Later,-
Elektronik,BANK BRI,"10,000",2021-10-06 02:18,Byu 10gb win 11,-
Makanan,DOMPET,"10,000",2021-10-06 02:17,Mie isi 2 + mizone,-
Makanan,DOMPET,"12,000",2021-10-05 19:01,Mizone + Juara Cigarette,-
Makanan,DOMPET,"27,000",2021-10-05 18:59,"Belanja Alfamart, Mie sukses isi 2*3 Ciptadent 1",-
Kirim Saldo,BANK BRI,"150,000",2021-10-05 18:58,Ke DOMPET,-
Terima Saldo,DOMPET,"150,000",2021-10-05 18:58,Dari BANK BRI,+
Elektronik,BANK BRI,"26,500",2021-10-05 05:35,Pulsa Speed Booster,-
Transfer Amplop,BANK BRI,"750,000",2021-10-04 17:19,Kredit hp,-
Listrik,BANK BRI,"25,000",2021-10-04 17:18,,-
Transfer Amplop,BANK BRI,"300,000",2021-10-04 17:16,Ai Latipah,-
Kiriman,BANK BRI,"1,000,000",2021-10-04 14:00,Mamah,+
Kirim Saldo,BANK BRI,"300,000",2021-10-03 21:26,Ke DOMPET,-
Terima Saldo,DOMPET,"300,000",2021-10-03 21:26,Dari BANK BRI,+
Tagih Hutang,DOMPET,"500,000",2021-10-03 21:17,Bayar,+
Saldo Awal,DOMPET,"1,592,000",2021-10-03 21:16,,+
Makanan,SHOPEE PAY,"8,000",2021-10-03 20:33,Martabak,-
Saldo Awal,GOPAY,"1,075",2021-10-03 19:15,,+
Saldo Awal,SHOPEE PAY,"9,471",2021-10-03 19:14,,+
Saldo Awal,BANK BRI,"700,000",2021-10-03 19:13,,+
Beri Pinjaman,DOMPET,"1,000,000",2021-09-02 21:16,Kontrakan bulan September 2021,-
